id,type,created_at,payload.issue.number
34497892498,IssueCommentEvent,2024-01-01T06:00:00Z,36.0
34497892644,IssueCommentEvent,2024-01-01T06:00:01Z,22.0
34497892770,IssueCommentEvent,2024-01-01T06:00:02Z,5.0
34497892775,IssueCommentEvent,2024-01-01T06:00:02Z,418.0
34497892910,IssueCommentEvent,2024-01-01T06:00:03Z,258.0
34497893484,IssueCommentEvent,2024-01-01T06:00:06Z,259.0
34497893485,IssueCommentEvent,2024-01-01T06:00:06Z,184.0
34497893871,IssueCommentEvent,2024-01-01T06:00:07Z,511.0
34497893964,IssueCommentEvent,2024-01-01T06:00:08Z,1051.0
34497894019,IssueCommentEvent,2024-01-01T06:00:08Z,37.0
34497894124,IssueCommentEvent,2024-01-01T06:00:09Z,566.0
34497894242,IssueCommentEvent,2024-01-01T06:00:10Z,409.0
34497894539,IssueCommentEvent,2024-01-01T06:00:12Z,418.0
34497894744,IssueCommentEvent,2024-01-01T06:00:13Z,16.0
34497894921,IssueCommentEvent,2024-01-01T06:00:15Z,136.0
34497894936,IssueCommentEvent,2024-01-01T06:00:15Z,271.0
34497894972,IssueCommentEvent,2024-01-01T06:00:15Z,78.0
34497895295,IssueCommentEvent,2024-01-01T06:00:17Z,15.0
34497895750,IssueCommentEvent,2024-01-01T06:00:20Z,1211.0
34497895778,IssueCommentEvent,2024-01-01T06:00:21Z,601.0
34497895909,IssueCommentEvent,2024-01-01T06:00:22Z,216.0
34498341068,IssueCommentEvent,2024-01-01T07:00:00Z,2729.0
34498341081,IssueCommentEvent,2024-01-01T07:00:00Z,1204.0
34498341124,IssueCommentEvent,2024-01-01T07:00:00Z,426.0
34498341213,IssueCommentEvent,2024-01-01T07:00:01Z,59.0
34498341308,IssueCommentEvent,2024-01-01T07:00:02Z,25.0
34498341394,IssueCommentEvent,2024-01-01T07:00:03Z,12740.0
34498341696,IssueCommentEvent,2024-01-01T07:00:04Z,48595.0
34498341731,IssueCommentEvent,2024-01-01T07:00:04Z,739.0
34498342119,IssueCommentEvent,2024-01-01T07:00:06Z,26.0
34498342597,IssueCommentEvent,2024-01-01T07:00:08Z,139.0
34498342640,IssueCommentEvent,2024-01-01T07:00:08Z,143.0
34498342807,IssueCommentEvent,2024-01-01T07:00:09Z,134.0
34498342960,IssueCommentEvent,2024-01-01T07:00:10Z,693.0
34498342980,IssueCommentEvent,2024-01-01T07:00:11Z,801.0
34498343448,IssueCommentEvent,2024-01-01T07:00:13Z,103.0
34498343516,IssueCommentEvent,2024-01-01T07:00:14Z,46.0
34498343583,IssueCommentEvent,2024-01-01T07:00:14Z,1315.0
34498343984,IssueCommentEvent,2024-01-01T07:00:16Z,1199.0
34498344011,IssueCommentEvent,2024-01-01T07:00:17Z,24054.0
34498344133,IssueCommentEvent,2024-01-01T07:00:17Z,467.0
34498344387,IssueCommentEvent,2024-01-01T07:00:19Z,13577.0
34498344436,IssueCommentEvent,2024-01-01T07:00:20Z,729.0
34498815517,IssueCommentEvent,2024-01-01T08:00:00Z,1429.0
34498815669,IssueCommentEvent,2024-01-01T08:00:01Z,216.0
34498815999,IssueCommentEvent,2024-01-01T08:00:04Z,1527.0
34498816083,IssueCommentEvent,2024-01-01T08:00:05Z,2.0
34498816527,IssueCommentEvent,2024-01-01T08:00:06Z,31.0
34498816975,IssueCommentEvent,2024-01-01T08:00:07Z,193.0
34498817079,IssueCommentEvent,2024-01-01T08:00:08Z,184.0
34498817150,IssueCommentEvent,2024-01-01T08:00:08Z,51.0
34498817164,IssueCommentEvent,2024-01-01T08:00:08Z,19.0
34498817201,IssueCommentEvent,2024-01-01T08:00:08Z,24.0
34498817203,IssueCommentEvent,2024-01-01T08:00:08Z,26.0
34498817290,IssueCommentEvent,2024-01-01T08:00:09Z,201.0
34498817477,IssueCommentEvent,2024-01-01T08:00:09Z,44.0
34498818088,IssueCommentEvent,2024-01-01T08:00:13Z,9.0
34498818162,IssueCommentEvent,2024-01-01T08:00:13Z,110.0
34498818165,IssueCommentEvent,2024-01-01T08:00:13Z,616.0
34498818248,IssueCommentEvent,2024-01-01T08:00:13Z,2509.0
34498818654,IssueCommentEvent,2024-01-01T08:00:15Z,3675.0
34498818726,IssueCommentEvent,2024-01-01T08:00:16Z,89.0
34498818757,IssueCommentEvent,2024-01-01T08:00:16Z,145.0
34498818837,IssueCommentEvent,2024-01-01T08:00:16Z,149.0
34498818840,IssueCommentEvent,2024-01-01T08:00:16Z,86.0
34498818938,IssueCommentEvent,2024-01-01T08:00:17Z,160.0
34498818948,IssueCommentEvent,2024-01-01T08:00:17Z,533.0
34498819037,IssueCommentEvent,2024-01-01T08:00:18Z,533.0
34498819309,IssueCommentEvent,2024-01-01T08:00:19Z,262.0
34498819437,IssueCommentEvent,2024-01-01T08:00:20Z,3159.0
34499303795,IssueCommentEvent,2024-01-01T09:00:00Z,78.0
34499303836,IssueCommentEvent,2024-01-01T09:00:01Z,1235.0
34499304657,IssueCommentEvent,2024-01-01T09:00:05Z,77.0
34499304791,IssueCommentEvent,2024-01-01T09:00:05Z,1.0
34499304855,IssueCommentEvent,2024-01-01T09:00:06Z,47.0
34499305068,IssueCommentEvent,2024-01-01T09:00:07Z,22.0
34499305165,IssueCommentEvent,2024-01-01T09:00:07Z,177.0
34499305188,IssueCommentEvent,2024-01-01T09:00:07Z,2893.0
34499305308,IssueCommentEvent,2024-01-01T09:00:08Z,33.0
34499305356,IssueCommentEvent,2024-01-01T09:00:08Z,55.0
34499305638,IssueCommentEvent,2024-01-01T09:00:10Z,5058.0
34499305701,IssueCommentEvent,2024-01-01T09:00:10Z,3.0
34499305899,IssueCommentEvent,2024-01-01T09:00:11Z,29.0
34499306051,IssueCommentEvent,2024-01-01T09:00:12Z,10.0
34499306343,IssueCommentEvent,2024-01-01T09:00:13Z,5.0
34499306584,IssueCommentEvent,2024-01-01T09:00:14Z,9.0
34499306675,IssueCommentEvent,2024-01-01T09:00:14Z,12.0
34499306772,IssueCommentEvent,2024-01-01T09:00:15Z,85.0
34499307316,IssueCommentEvent,2024-01-01T09:00:18Z,1.0
34499307345,IssueCommentEvent,2024-01-01T09:00:18Z,24386.0
34499307398,IssueCommentEvent,2024-01-01T09:00:18Z,6.0
34499307413,IssueCommentEvent,2024-01-01T09:00:18Z,274.0
34499307675,IssueCommentEvent,2024-01-01T09:00:20Z,2194.0
34499307825,IssueCommentEvent,2024-01-01T09:00:21Z,50.0
34499804552,IssueCommentEvent,2024-01-01T10:00:00Z,132.0
34499804643,IssueCommentEvent,2024-01-01T10:00:00Z,280896.0
34499804656,IssueCommentEvent,2024-01-01T10:00:00Z,74.0
34499804692,IssueCommentEvent,2024-01-01T10:00:01Z,345.0
34499804734,IssueCommentEvent,2024-01-01T10:00:01Z,2470.0
34499805262,IssueCommentEvent,2024-01-01T10:00:04Z,6.0
34499806295,IssueCommentEvent,2024-01-01T10:00:08Z,1300.0
34499806399,IssueCommentEvent,2024-01-01T10:00:09Z,43.0
34499806619,IssueCommentEvent,2024-01-01T10:00:10Z,4.0
34499806794,IssueCommentEvent,2024-01-01T10:00:11Z,4129.0
34499806825,IssueCommentEvent,2024-01-01T10:00:11Z,15.0
34499806856,IssueCommentEvent,2024-01-01T10:00:11Z,2707.0
34499807168,IssueCommentEvent,2024-01-01T10:00:12Z,5209.0
34499807477,IssueCommentEvent,2024-01-01T10:00:14Z,5833.0
34499807594,IssueCommentEvent,2024-01-01T10:00:15Z,1996.0
34499807644,IssueCommentEvent,2024-01-01T10:00:15Z,3.0
34499807697,IssueCommentEvent,2024-01-01T10:00:15Z,156.0
34499807874,IssueCommentEvent,2024-01-01T10:00:16Z,44.0
34499807960,IssueCommentEvent,2024-01-01T10:00:17Z,394.0
34499807967,IssueCommentEvent,2024-01-01T10:00:17Z,2.0
34499808136,IssueCommentEvent,2024-01-01T10:00:18Z,1.0
34499808151,IssueCommentEvent,2024-01-01T10:00:18Z,158667.0
34499808544,IssueCommentEvent,2024-01-01T10:00:20Z,1755.0
34500357566,IssueCommentEvent,2024-01-01T11:00:00Z,1.0
34500357611,IssueCommentEvent,2024-01-01T11:00:00Z,4.0
34500357686,IssueCommentEvent,2024-01-01T11:00:01Z,75.0
34500357817,IssueCommentEvent,2024-01-01T11:00:02Z,3393.0
34500358044,IssueCommentEvent,2024-01-01T11:00:03Z,25.0
34500358080,IssueCommentEvent,2024-01-01T11:00:03Z,125.0
34500358353,IssueCommentEvent,2024-01-01T11:00:04Z,7.0
34500358686,IssueCommentEvent,2024-01-01T11:00:05Z,1153.0
34500358815,IssueCommentEvent,2024-01-01T11:00:06Z,210.0
34500358932,IssueCommentEvent,2024-01-01T11:00:07Z,2878.0
34500358955,IssueCommentEvent,2024-01-01T11:00:07Z,561.0
34500359028,IssueCommentEvent,2024-01-01T11:00:07Z,916.0
34500359501,IssueCommentEvent,2024-01-01T11:00:09Z,3271.0
34500359591,IssueCommentEvent,2024-01-01T11:00:09Z,120.0
34500359736,IssueCommentEvent,2024-01-01T11:00:10Z,138.0
34500359972,IssueCommentEvent,2024-01-01T11:00:11Z,136.0
34500359981,IssueCommentEvent,2024-01-01T11:00:11Z,395.0
34500360018,IssueCommentEvent,2024-01-01T11:00:11Z,95.0
34500360078,IssueCommentEvent,2024-01-01T11:00:12Z,508.0
34500360080,IssueCommentEvent,2024-01-01T11:00:12Z,225.0
34500360092,IssueCommentEvent,2024-01-01T11:00:12Z,551.0
34500360185,IssueCommentEvent,2024-01-01T11:00:12Z,180.0
34500360188,IssueCommentEvent,2024-01-01T11:00:12Z,60.0
34500360267,IssueCommentEvent,2024-01-01T11:00:13Z,2016.0
34500360465,IssueCommentEvent,2024-01-01T11:00:14Z,57.0
34500360566,IssueCommentEvent,2024-01-01T11:00:14Z,1.0
34500360732,IssueCommentEvent,2024-01-01T11:00:15Z,103.0
34500360761,IssueCommentEvent,2024-01-01T11:00:15Z,1163.0
34500360853,IssueCommentEvent,2024-01-01T11:00:16Z,26.0
34500361002,IssueCommentEvent,2024-01-01T11:00:17Z,11.0
34500361090,IssueCommentEvent,2024-01-01T11:00:17Z,70.0
34500361099,IssueCommentEvent,2024-01-01T11:00:17Z,187.0
34500361184,IssueCommentEvent,2024-01-01T11:00:18Z,169.0
34526800041,IssueCommentEvent,2024-01-02T20:00:00Z,59.0
34526800243,IssueCommentEvent,2024-01-02T20:00:00Z,154.0
34526800255,IssueCommentEvent,2024-01-02T20:00:00Z,10532.0
34526800269,IssueCommentEvent,2024-01-02T20:00:00Z,92.0
34526800319,IssueCommentEvent,2024-01-02T20:00:01Z,3622.0
34526800320,IssueCommentEvent,2024-01-02T20:00:01Z,10043.0
34526800348,IssueCommentEvent,2024-01-02T20:00:01Z,14352.0
34526800374,IssueCommentEvent,2024-01-02T20:00:01Z,5272.0
34526800518,IssueCommentEvent,2024-01-02T20:00:01Z,1398.0
34526800538,IssueCommentEvent,2024-01-02T20:00:02Z,19.0
34526800643,IssueCommentEvent,2024-01-02T20:00:02Z,2567.0
34526800797,IssueCommentEvent,2024-01-02T20:00:02Z,10532.0
34526801049,IssueCommentEvent,2024-01-02T20:00:03Z,13056.0
34526801399,IssueCommentEvent,2024-01-02T20:00:04Z,116646.0
34526801497,IssueCommentEvent,2024-01-02T20:00:04Z,863.0
34526801687,IssueCommentEvent,2024-01-02T20:00:05Z,874.0
34526801819,IssueCommentEvent,2024-01-02T20:00:05Z,9149.0
34526801879,IssueCommentEvent,2024-01-02T20:00:05Z,4467.0
34526801927,IssueCommentEvent,2024-01-02T20:00:05Z,23.0
34526802809,IssueCommentEvent,2024-01-02T20:00:07Z,145878.0
34526803010,IssueCommentEvent,2024-01-02T20:00:08Z,202.0
34526803038,IssueCommentEvent,2024-01-02T20:00:08Z,2631.0
34526803104,IssueCommentEvent,2024-01-02T20:00:08Z,145878.0
34526803162,IssueCommentEvent,2024-01-02T20:00:08Z,1605.0
34526803216,IssueCommentEvent,2024-01-02T20:00:08Z,1055.0
34526803251,IssueCommentEvent,2024-01-02T20:00:08Z,4272.0
34526803549,IssueCommentEvent,2024-01-02T20:00:09Z,533.0
34526803827,IssueCommentEvent,2024-01-02T20:00:10Z,11173.0
34526804032,IssueCommentEvent,2024-01-02T20:00:10Z,145878.0
34526804329,IssueCommentEvent,2024-01-02T20:00:11Z,150.0
34526804335,IssueCommentEvent,2024-01-02T20:00:11Z,2223.0
34526804404,IssueCommentEvent,2024-01-02T20:00:11Z,30666.0
34526804521,IssueCommentEvent,2024-01-02T20:00:12Z,116647.0
34526804877,IssueCommentEvent,2024-01-02T20:00:12Z,47.0
34526805019,IssueCommentEvent,2024-01-02T20:00:13Z,14852.0
34526805043,IssueCommentEvent,2024-01-02T20:00:13Z,11312.0
34526805137,IssueCommentEvent,2024-01-02T20:00:13Z,147.0
34526805210,IssueCommentEvent,2024-01-02T20:00:14Z,1493.0
34526805658,IssueCommentEvent,2024-01-02T20:00:15Z,4849.0
34526805670,IssueCommentEvent,2024-01-02T20:00:15Z,113665.0
34526805703,IssueCommentEvent,2024-01-02T20:00:15Z,12726.0
34526805706,IssueCommentEvent,2024-01-02T20:00:15Z,14852.0
34526805936,IssueCommentEvent,2024-01-02T20:00:16Z,139.0
34526805993,IssueCommentEvent,2024-01-02T20:00:16Z,113665.0
34526806071,IssueCommentEvent,2024-01-02T20:00:16Z,395.0
34526806455,IssueCommentEvent,2024-01-02T20:00:17Z,8968.0
34526806462,IssueCommentEvent,2024-01-02T20:00:17Z,116648.0
34526806541,IssueCommentEvent,2024-01-02T20:00:17Z,28765.0
34527848681,IssueCommentEvent,2024-01-02T21:00:01Z,37985.0
34527848906,IssueCommentEvent,2024-01-02T21:00:01Z,20931.0
34527848915,IssueCommentEvent,2024-01-02T21:00:01Z,868.0
34527849075,IssueCommentEvent,2024-01-02T21:00:02Z,131988.0
34527849201,IssueCommentEvent,2024-01-02T21:00:03Z,858.0
34527849212,IssueCommentEvent,2024-01-02T21:00:03Z,50.0
34527849237,IssueCommentEvent,2024-01-02T21:00:03Z,58.0
34527849461,IssueCommentEvent,2024-01-02T21:00:03Z,1963.0
34527849849,IssueCommentEvent,2024-01-02T21:00:04Z,40693.0
34527850157,IssueCommentEvent,2024-01-02T21:00:05Z,4.0
34527850243,IssueCommentEvent,2024-01-02T21:00:05Z,136.0
34527850540,IssueCommentEvent,2024-01-02T21:00:06Z,6053.0
34527850738,IssueCommentEvent,2024-01-02T21:00:06Z,10586.0
34527850950,IssueCommentEvent,2024-01-02T21:00:07Z,42.0
34527851122,IssueCommentEvent,2024-01-02T21:00:07Z,6.0
34527851125,IssueCommentEvent,2024-01-02T21:00:07Z,9.0
34527851185,IssueCommentEvent,2024-01-02T21:00:07Z,47153.0
34527851394,IssueCommentEvent,2024-01-02T21:00:08Z,30679.0
34527851437,IssueCommentEvent,2024-01-02T21:00:08Z,2352.0
34527851511,IssueCommentEvent,2024-01-02T21:00:08Z,423.0
34527851792,IssueCommentEvent,2024-01-02T21:00:09Z,777.0
34527851909,IssueCommentEvent,2024-01-02T21:00:09Z,4004.0
34527852664,IssueCommentEvent,2024-01-02T21:00:11Z,4739.0
34527852824,IssueCommentEvent,2024-01-02T21:00:12Z,2198.0
34527852859,IssueCommentEvent,2024-01-02T21:00:12Z,2845.0
34527853169,IssueCommentEvent,2024-01-02T21:00:13Z,145.0
34527853394,IssueCommentEvent,2024-01-02T21:00:13Z,13005.0
34527853590,IssueCommentEvent,2024-01-02T21:00:14Z,3949.0
34527853697,IssueCommentEvent,2024-01-02T21:00:14Z,6895.0
34527854077,IssueCommentEvent,2024-01-02T21:00:15Z,7223.0
34527854182,IssueCommentEvent,2024-01-02T21:00:15Z,13770.0
34527854320,IssueCommentEvent,2024-01-02T21:00:16Z,639.0
34527854680,IssueCommentEvent,2024-01-02T21:00:17Z,69.0
34527854891,IssueCommentEvent,2024-01-02T21:00:17Z,3.0
34527854930,IssueCommentEvent,2024-01-02T21:00:17Z,7.0
34527854987,IssueCommentEvent,2024-01-02T21:00:18Z,7448.0
34527855016,IssueCommentEvent,2024-01-02T21:00:18Z,5187.0
34527855065,IssueCommentEvent,2024-01-02T21:00:18Z,3359.0
34527855357,IssueCommentEvent,2024-01-02T21:00:19Z,2514.0
34500878577,IssueCommentEvent,2024-01-01T12:00:00Z,2.0
34500878598,IssueCommentEvent,2024-01-01T12:00:00Z,4.0
34500878910,IssueCommentEvent,2024-01-01T12:00:03Z,16195.0
34500879089,IssueCommentEvent,2024-01-01T12:00:03Z,33299.0
34500879204,IssueCommentEvent,2024-01-01T12:00:04Z,374.0
34500879435,IssueCommentEvent,2024-01-01T12:00:05Z,47178.0
34500879701,IssueCommentEvent,2024-01-01T12:00:06Z,2018.0
34500879744,IssueCommentEvent,2024-01-01T12:00:06Z,1249.0
34500879816,IssueCommentEvent,2024-01-01T12:00:06Z,203.0
34500880387,IssueCommentEvent,2024-01-01T12:00:09Z,40.0
34500880452,IssueCommentEvent,2024-01-01T12:00:09Z,7.0
34500880456,IssueCommentEvent,2024-01-01T12:00:09Z,2.0
34500880528,IssueCommentEvent,2024-01-01T12:00:09Z,51.0
34500880617,IssueCommentEvent,2024-01-01T12:00:10Z,448.0
34500880671,IssueCommentEvent,2024-01-01T12:00:10Z,448.0
34500880786,IssueCommentEvent,2024-01-01T12:00:11Z,233.0
34500880897,IssueCommentEvent,2024-01-01T12:00:11Z,437.0
34500881128,IssueCommentEvent,2024-01-01T12:00:12Z,1.0
34500881287,IssueCommentEvent,2024-01-01T12:00:13Z,1249.0
34500881441,IssueCommentEvent,2024-01-01T12:00:14Z,103.0
34500881469,IssueCommentEvent,2024-01-01T12:00:14Z,4.0
34500881513,IssueCommentEvent,2024-01-01T12:00:14Z,1347.0
34500881526,IssueCommentEvent,2024-01-01T12:00:14Z,2777.0
34500881653,IssueCommentEvent,2024-01-01T12:00:15Z,32.0
34500881669,IssueCommentEvent,2024-01-01T12:00:15Z,1550.0
34500881714,IssueCommentEvent,2024-01-01T12:00:15Z,1249.0
34500881808,IssueCommentEvent,2024-01-01T12:00:16Z,2042.0
34500881829,IssueCommentEvent,2024-01-01T12:00:16Z,18.0
34500881881,IssueCommentEvent,2024-01-01T12:00:16Z,19.0
34500881915,IssueCommentEvent,2024-01-01T12:00:16Z,1718.0
34500882074,IssueCommentEvent,2024-01-01T12:00:17Z,23.0
34501497489,IssueCommentEvent,2024-01-01T13:00:01Z,869.0
34501497492,IssueCommentEvent,2024-01-01T13:00:01Z,1.0
34501497656,IssueCommentEvent,2024-01-01T13:00:02Z,553.0
34501497659,IssueCommentEvent,2024-01-01T13:00:02Z,17.0
34501498028,IssueCommentEvent,2024-01-01T13:00:04Z,9349.0
34501498237,IssueCommentEvent,2024-01-01T13:00:04Z,19.0
34501498386,IssueCommentEvent,2024-01-01T13:00:05Z,5.0
34501498499,IssueCommentEvent,2024-01-01T13:00:05Z,1132.0
34501498956,IssueCommentEvent,2024-01-01T13:00:07Z,29368.0
34501498960,IssueCommentEvent,2024-01-01T13:00:07Z,2576.0
34501499158,IssueCommentEvent,2024-01-01T13:00:08Z,2.0
34501499395,IssueCommentEvent,2024-01-01T13:00:09Z,154.0
34501499641,IssueCommentEvent,2024-01-01T13:00:10Z,553.0
34501499734,IssueCommentEvent,2024-01-01T13:00:10Z,2.0
34501499737,IssueCommentEvent,2024-01-01T13:00:10Z,475.0
34501499874,IssueCommentEvent,2024-01-01T13:00:11Z,915.0
34501499952,IssueCommentEvent,2024-01-01T13:00:11Z,4243.0
34501499994,IssueCommentEvent,2024-01-01T13:00:11Z,1.0
34501500053,IssueCommentEvent,2024-01-01T13:00:12Z,15.0
34501500222,IssueCommentEvent,2024-01-01T13:00:12Z,107.0
34501500445,IssueCommentEvent,2024-01-01T13:00:13Z,1832.0
34501500563,IssueCommentEvent,2024-01-01T13:00:14Z,3.0
34502068677,IssueCommentEvent,2024-01-01T14:00:00Z,62.0
34502068678,IssueCommentEvent,2024-01-01T14:00:00Z,22.0
34502068767,IssueCommentEvent,2024-01-01T14:00:00Z,64.0
34502068829,IssueCommentEvent,2024-01-01T14:00:01Z,21.0
34502068843,IssueCommentEvent,2024-01-01T14:00:01Z,1363.0
34502068905,IssueCommentEvent,2024-01-01T14:00:01Z,133.0
34502068924,IssueCommentEvent,2024-01-01T14:00:01Z,280980.0
34502068938,IssueCommentEvent,2024-01-01T14:00:01Z,199.0
34502069003,IssueCommentEvent,2024-01-01T14:00:02Z,569.0
34502069182,IssueCommentEvent,2024-01-01T14:00:03Z,16.0
34502069266,IssueCommentEvent,2024-01-01T14:00:03Z,1064.0
34502069274,IssueCommentEvent,2024-01-01T14:00:03Z,132.0
34502069576,IssueCommentEvent,2024-01-01T14:00:04Z,6419.0
34502069694,IssueCommentEvent,2024-01-01T14:00:05Z,356.0
34502069695,IssueCommentEvent,2024-01-01T14:00:05Z,396.0
34502069782,IssueCommentEvent,2024-01-01T14:00:05Z,94.0
34502070195,IssueCommentEvent,2024-01-01T14:00:07Z,140.0
34502070286,IssueCommentEvent,2024-01-01T14:00:07Z,536.0
34502070582,IssueCommentEvent,2024-01-01T14:00:09Z,2.0
34502070640,IssueCommentEvent,2024-01-01T14:00:09Z,1861.0
34502070690,IssueCommentEvent,2024-01-01T14:00:09Z,290.0
34502070966,IssueCommentEvent,2024-01-01T14:00:11Z,2447.0
34502070993,IssueCommentEvent,2024-01-01T14:00:11Z,33240.0
34502071622,IssueCommentEvent,2024-01-01T14:00:14Z,45.0
34502071839,IssueCommentEvent,2024-01-01T14:00:15Z,11.0
34502071922,IssueCommentEvent,2024-01-01T14:00:15Z,5598.0
34502072009,IssueCommentEvent,2024-01-01T14:00:16Z,2928.0
34502072107,IssueCommentEvent,2024-01-01T14:00:16Z,2.0
34502072250,IssueCommentEvent,2024-01-01T14:00:17Z,7041.0
34502072319,IssueCommentEvent,2024-01-01T14:00:17Z,10.0
34502072315,IssueCommentEvent,2024-01-01T14:00:17Z,22.0
34502641682,IssueCommentEvent,2024-01-01T15:00:02Z,1.0
34502641722,IssueCommentEvent,2024-01-01T15:00:02Z,1341.0
34502641757,IssueCommentEvent,2024-01-01T15:00:02Z,249.0
34502643715,IssueCommentEvent,2024-01-01T15:00:21Z,7012.0
34502643824,IssueCommentEvent,2024-01-01T15:00:22Z,1966.0
34502644155,IssueCommentEvent,2024-01-01T15:00:24Z,4063.0
34503170294,IssueCommentEvent,2024-01-01T16:00:01Z,2818.0
34503170522,IssueCommentEvent,2024-01-01T16:00:03Z,1563.0
34503170673,IssueCommentEvent,2024-01-01T16:00:04Z,66.0
34503170694,IssueCommentEvent,2024-01-01T16:00:04Z,5.0
34503171194,IssueCommentEvent,2024-01-01T16:00:06Z,269.0
34503171421,IssueCommentEvent,2024-01-01T16:00:07Z,42.0
34503171525,IssueCommentEvent,2024-01-01T16:00:07Z,1325.0
34503171528,IssueCommentEvent,2024-01-01T16:00:07Z,33526.0
34503171532,IssueCommentEvent,2024-01-01T16:00:07Z,86658.0
34503171762,IssueCommentEvent,2024-01-01T16:00:08Z,2697.0
34503171957,IssueCommentEvent,2024-01-01T16:00:09Z,357.0
34503171955,IssueCommentEvent,2024-01-01T16:00:09Z,40.0
34503172034,IssueCommentEvent,2024-01-01T16:00:09Z,9.0
34503172108,IssueCommentEvent,2024-01-01T16:00:10Z,33241.0
34503172351,IssueCommentEvent,2024-01-01T16:00:11Z,133.0
34503172422,IssueCommentEvent,2024-01-01T16:00:12Z,285.0
34503172613,IssueCommentEvent,2024-01-01T16:00:13Z,36.0
34503172640,IssueCommentEvent,2024-01-01T16:00:13Z,21.0
34503172641,IssueCommentEvent,2024-01-01T16:00:13Z,33009.0
34503172794,IssueCommentEvent,2024-01-01T16:00:13Z,10.0
34503172796,IssueCommentEvent,2024-01-01T16:00:13Z,136.0
34503172815,IssueCommentEvent,2024-01-01T16:00:14Z,126.0
34503172821,IssueCommentEvent,2024-01-01T16:00:14Z,508.0
34503172825,IssueCommentEvent,2024-01-01T16:00:14Z,284.0
34503172887,IssueCommentEvent,2024-01-01T16:00:14Z,46.0
34503172922,IssueCommentEvent,2024-01-01T16:00:14Z,9.0
34503173046,IssueCommentEvent,2024-01-01T16:00:15Z,32871.0
34503173077,IssueCommentEvent,2024-01-01T16:00:15Z,282.0
34503173262,IssueCommentEvent,2024-01-01T16:00:16Z,32870.0
34503173265,IssueCommentEvent,2024-01-01T16:00:16Z,22.0
34503173295,IssueCommentEvent,2024-01-01T16:00:16Z,1.0
34503173395,IssueCommentEvent,2024-01-01T16:00:17Z,281.0
34503173434,IssueCommentEvent,2024-01-01T16:00:17Z,126.0
34503173460,IssueCommentEvent,2024-01-01T16:00:17Z,259.0
34503173530,IssueCommentEvent,2024-01-01T16:00:17Z,105709.0
34503173532,IssueCommentEvent,2024-01-01T16:00:17Z,620.0
34503173541,IssueCommentEvent,2024-01-01T16:00:17Z,32869.0
34503685748,IssueCommentEvent,2024-01-01T17:00:00Z,12161.0
34503686029,IssueCommentEvent,2024-01-01T17:00:02Z,1098.0
34503686032,IssueCommentEvent,2024-01-01T17:00:02Z,7.0
34503686064,IssueCommentEvent,2024-01-01T17:00:02Z,330.0
34503686273,IssueCommentEvent,2024-01-01T17:00:03Z,12161.0
34503686399,IssueCommentEvent,2024-01-01T17:00:04Z,4884.0
34503686434,IssueCommentEvent,2024-01-01T17:00:04Z,488.0
34503686684,IssueCommentEvent,2024-01-01T17:00:05Z,51.0
34503686703,IssueCommentEvent,2024-01-01T17:00:05Z,20.0
34503686716,IssueCommentEvent,2024-01-01T17:00:05Z,2937.0
34503687144,IssueCommentEvent,2024-01-01T17:00:07Z,22.0
34503687158,IssueCommentEvent,2024-01-01T17:00:07Z,315.0
34503687359,IssueCommentEvent,2024-01-01T17:00:08Z,33.0
34503687532,IssueCommentEvent,2024-01-01T17:00:09Z,174.0
34503687541,IssueCommentEvent,2024-01-01T17:00:09Z,22.0
34503687785,IssueCommentEvent,2024-01-01T17:00:10Z,3338.0
34503688302,IssueCommentEvent,2024-01-01T17:00:13Z,2078.0
34503688334,IssueCommentEvent,2024-01-01T17:00:13Z,109.0
34503688414,IssueCommentEvent,2024-01-01T17:00:14Z,3339.0
34503688416,IssueCommentEvent,2024-01-01T17:00:14Z,25.0
34503688597,IssueCommentEvent,2024-01-01T17:00:14Z,2669.0
34503688619,IssueCommentEvent,2024-01-01T17:00:15Z,375.0
34503688744,IssueCommentEvent,2024-01-01T17:00:15Z,120.0
34503688759,IssueCommentEvent,2024-01-01T17:00:15Z,46719.0
34503688769,IssueCommentEvent,2024-01-01T17:00:15Z,1378.0
34503688780,IssueCommentEvent,2024-01-01T17:00:15Z,1.0
34503689034,IssueCommentEvent,2024-01-01T17:00:17Z,1846.0
34504213177,IssueCommentEvent,2024-01-01T18:00:00Z,229.0
34504213206,IssueCommentEvent,2024-01-01T18:00:00Z,281064.0
34504213208,IssueCommentEvent,2024-01-01T18:00:00Z,601.0
34504213268,IssueCommentEvent,2024-01-01T18:00:01Z,915.0
34504213282,IssueCommentEvent,2024-01-01T18:00:01Z,1370.0
34504213377,IssueCommentEvent,2024-01-01T18:00:02Z,314.0
34504213426,IssueCommentEvent,2024-01-01T18:00:02Z,21.0
34504213652,IssueCommentEvent,2024-01-01T18:00:03Z,104133.0
34504214086,IssueCommentEvent,2024-01-01T18:00:05Z,13360.0
34504214242,IssueCommentEvent,2024-01-01T18:00:06Z,33413.0
34504214302,IssueCommentEvent,2024-01-01T18:00:06Z,8.0
34504214373,IssueCommentEvent,2024-01-01T18:00:06Z,6.0
34504214403,IssueCommentEvent,2024-01-01T18:00:06Z,10953.0
34504214499,IssueCommentEvent,2024-01-01T18:00:07Z,202.0
34504214593,IssueCommentEvent,2024-01-01T18:00:07Z,216.0
34504214620,IssueCommentEvent,2024-01-01T18:00:07Z,1.0
34504214863,IssueCommentEvent,2024-01-01T18:00:09Z,19.0
34504214918,IssueCommentEvent,2024-01-01T18:00:09Z,23.0
34504215447,IssueCommentEvent,2024-01-01T18:00:12Z,827.0
34504215451,IssueCommentEvent,2024-01-01T18:00:12Z,247.0
34504215509,IssueCommentEvent,2024-01-01T18:00:12Z,3.0
34504215636,IssueCommentEvent,2024-01-01T18:00:13Z,7950.0
34504215674,IssueCommentEvent,2024-01-01T18:00:13Z,13.0
34504215798,IssueCommentEvent,2024-01-01T18:00:14Z,733.0
34504216007,IssueCommentEvent,2024-01-01T18:00:15Z,8207.0
34504216148,IssueCommentEvent,2024-01-01T18:00:16Z,1.0
34504216208,IssueCommentEvent,2024-01-01T18:00:16Z,640.0
34504216247,IssueCommentEvent,2024-01-01T18:00:17Z,374.0
34504216286,IssueCommentEvent,2024-01-01T18:00:17Z,23182.0
34504727227,IssueCommentEvent,2024-01-01T19:00:00Z,12681.0
34504727274,IssueCommentEvent,2024-01-01T19:00:00Z,88.0
34504727312,IssueCommentEvent,2024-01-01T19:00:01Z,119.0
34504727381,IssueCommentEvent,2024-01-01T19:00:01Z,29.0
34504727388,IssueCommentEvent,2024-01-01T19:00:01Z,10813.0
34504727515,IssueCommentEvent,2024-01-01T19:00:02Z,46.0
34504728076,IssueCommentEvent,2024-01-01T19:00:05Z,81.0
34504728397,IssueCommentEvent,2024-01-01T19:00:06Z,369.0
34504728418,IssueCommentEvent,2024-01-01T19:00:06Z,848.0
34504728508,IssueCommentEvent,2024-01-01T19:00:07Z,96.0
34504728642,IssueCommentEvent,2024-01-01T19:00:07Z,7992.0
34504728646,IssueCommentEvent,2024-01-01T19:00:07Z,51335.0
34504728695,IssueCommentEvent,2024-01-01T19:00:07Z,12.0
34504728750,IssueCommentEvent,2024-01-01T19:00:08Z,184.0
34504728751,IssueCommentEvent,2024-01-01T19:00:08Z,69.0
34504728988,IssueCommentEvent,2024-01-01T19:00:09Z,127.0
34504729038,IssueCommentEvent,2024-01-01T19:00:09Z,414.0
34504729165,IssueCommentEvent,2024-01-01T19:00:10Z,878.0
34504729189,IssueCommentEvent,2024-01-01T19:00:10Z,451.0
34504729195,IssueCommentEvent,2024-01-01T19:00:10Z,21.0
34504729670,IssueCommentEvent,2024-01-01T19:00:12Z,8.0
34504729755,IssueCommentEvent,2024-01-01T19:00:13Z,4.0
34504729766,IssueCommentEvent,2024-01-01T19:00:13Z,144.0
34504729804,IssueCommentEvent,2024-01-01T19:00:13Z,452.0
34504729890,IssueCommentEvent,2024-01-01T19:00:13Z,357.0
34504730011,IssueCommentEvent,2024-01-01T19:00:14Z,23324.0
34504730154,IssueCommentEvent,2024-01-01T19:00:15Z,1182.0
34504730164,IssueCommentEvent,2024-01-01T19:00:15Z,74.0
34504730353,IssueCommentEvent,2024-01-01T19:00:16Z,89.0
34504730410,IssueCommentEvent,2024-01-01T19:00:16Z,451.0
34504730417,IssueCommentEvent,2024-01-01T19:00:16Z,517.0
34504730420,IssueCommentEvent,2024-01-01T19:00:16Z,2153.0
34504730565,IssueCommentEvent,2024-01-01T19:00:17Z,2153.0
34504730576,IssueCommentEvent,2024-01-01T19:00:17Z,3.0
34505217131,IssueCommentEvent,2024-01-01T20:00:00Z,79.0
34505217154,IssueCommentEvent,2024-01-01T20:00:00Z,420.0
34505217167,IssueCommentEvent,2024-01-01T20:00:00Z,215.0
34505217250,IssueCommentEvent,2024-01-01T20:00:01Z,12661.0
34505217296,IssueCommentEvent,2024-01-01T20:00:01Z,28.0
34505217307,IssueCommentEvent,2024-01-01T20:00:01Z,12058.0
34505217339,IssueCommentEvent,2024-01-01T20:00:02Z,24.0
34505217419,IssueCommentEvent,2024-01-01T20:00:02Z,2.0
34505217525,IssueCommentEvent,2024-01-01T20:00:03Z,8.0
34505217766,IssueCommentEvent,2024-01-01T20:00:04Z,19.0
34505217878,IssueCommentEvent,2024-01-01T20:00:04Z,4.0
34505217968,IssueCommentEvent,2024-01-01T20:00:04Z,7.0
34505218021,IssueCommentEvent,2024-01-01T20:00:04Z,12.0
34505218035,IssueCommentEvent,2024-01-01T20:00:05Z,154.0
34505218158,IssueCommentEvent,2024-01-01T20:00:05Z,32.0
34505218306,IssueCommentEvent,2024-01-01T20:00:05Z,4.0
34505218402,IssueCommentEvent,2024-01-01T20:00:06Z,543.0
34505218436,IssueCommentEvent,2024-01-01T20:00:06Z,2.0
34505218585,IssueCommentEvent,2024-01-01T20:00:06Z,22.0
34505218759,IssueCommentEvent,2024-01-01T20:00:07Z,7.0
34505218763,IssueCommentEvent,2024-01-01T20:00:07Z,17508.0
34505218803,IssueCommentEvent,2024-01-01T20:00:07Z,52.0
34505218882,IssueCommentEvent,2024-01-01T20:00:08Z,168.0
34505218911,IssueCommentEvent,2024-01-01T20:00:08Z,2738.0
34505219004,IssueCommentEvent,2024-01-01T20:00:08Z,12.0
34505219108,IssueCommentEvent,2024-01-01T20:00:09Z,159.0
34505219120,IssueCommentEvent,2024-01-01T20:00:09Z,38.0
34505219189,IssueCommentEvent,2024-01-01T20:00:09Z,891.0
34505219372,IssueCommentEvent,2024-01-01T20:00:10Z,37.0
34505219499,IssueCommentEvent,2024-01-01T20:00:11Z,12.0
34505219574,IssueCommentEvent,2024-01-01T20:00:11Z,196.0
34505219577,IssueCommentEvent,2024-01-01T20:00:11Z,13598.0
34505219769,IssueCommentEvent,2024-01-01T20:00:12Z,60.0
34505219898,IssueCommentEvent,2024-01-01T20:00:13Z,8310.0
34505219958,IssueCommentEvent,2024-01-01T20:00:13Z,431.0
34505219988,IssueCommentEvent,2024-01-01T20:00:13Z,7.0
34505219999,IssueCommentEvent,2024-01-01T20:00:13Z,53.0
34505220132,IssueCommentEvent,2024-01-01T20:00:14Z,1.0
34505220176,IssueCommentEvent,2024-01-01T20:00:14Z,1832.0
34505220197,IssueCommentEvent,2024-01-01T20:00:14Z,5.0
34505220222,IssueCommentEvent,2024-01-01T20:00:15Z,60.0
34505220372,IssueCommentEvent,2024-01-01T20:00:15Z,740.0
34505220506,IssueCommentEvent,2024-01-01T20:00:16Z,74.0
34505693133,IssueCommentEvent,2024-01-01T21:00:00Z,72.0
34505693147,IssueCommentEvent,2024-01-01T21:00:00Z,471.0
34505693284,IssueCommentEvent,2024-01-01T21:00:01Z,163.0
34505693303,IssueCommentEvent,2024-01-01T21:00:01Z,5835.0
34505693371,IssueCommentEvent,2024-01-01T21:00:02Z,4833.0
34505693372,IssueCommentEvent,2024-01-01T21:00:02Z,22.0
34505693566,IssueCommentEvent,2024-01-01T21:00:03Z,75.0
34505693784,IssueCommentEvent,2024-01-01T21:00:04Z,27.0
34505693796,IssueCommentEvent,2024-01-01T21:00:04Z,120.0
34505693808,IssueCommentEvent,2024-01-01T21:00:04Z,465.0
34505693811,IssueCommentEvent,2024-01-01T21:00:04Z,39.0
34505693817,IssueCommentEvent,2024-01-01T21:00:04Z,44.0
34505693833,IssueCommentEvent,2024-01-01T21:00:04Z,4.0
34505693900,IssueCommentEvent,2024-01-01T21:00:05Z,17.0
34505694134,IssueCommentEvent,2024-01-01T21:00:06Z,48.0
34505694141,IssueCommentEvent,2024-01-01T21:00:06Z,92.0
34505694211,IssueCommentEvent,2024-01-01T21:00:06Z,1.0
34505694298,IssueCommentEvent,2024-01-01T21:00:06Z,146.0
34505694346,IssueCommentEvent,2024-01-01T21:00:06Z,6.0
34505694565,IssueCommentEvent,2024-01-01T21:00:08Z,5897.0
34505694567,IssueCommentEvent,2024-01-01T21:00:08Z,448.0
34505694677,IssueCommentEvent,2024-01-01T21:00:08Z,13102.0
34505694687,IssueCommentEvent,2024-01-01T21:00:08Z,40.0
34505695025,IssueCommentEvent,2024-01-01T21:00:10Z,1226.0
34505695186,IssueCommentEvent,2024-01-01T21:00:11Z,137.0
34505695242,IssueCommentEvent,2024-01-01T21:00:11Z,43.0
34505695761,IssueCommentEvent,2024-01-01T21:00:15Z,331.0
34505696366,IssueCommentEvent,2024-01-01T21:00:18Z,114.0
34505696461,IssueCommentEvent,2024-01-01T21:00:19Z,560.0
34505696516,IssueCommentEvent,2024-01-01T21:00:19Z,1368.0
34505696521,IssueCommentEvent,2024-01-01T21:00:19Z,667.0
34505696545,IssueCommentEvent,2024-01-01T21:00:19Z,2.0
34510187411,IssueCommentEvent,2024-01-02T06:00:00Z,281311.0
34510187582,IssueCommentEvent,2024-01-02T06:00:01Z,2567.0
34510187645,IssueCommentEvent,2024-01-02T06:00:02Z,4137.0
34510187801,IssueCommentEvent,2024-01-02T06:00:03Z,57.0
34510187875,IssueCommentEvent,2024-01-02T06:00:03Z,111.0
34510187945,IssueCommentEvent,2024-01-02T06:00:03Z,90.0
34510188049,IssueCommentEvent,2024-01-02T06:00:04Z,1328.0
34510188148,IssueCommentEvent,2024-01-02T06:00:04Z,2.0
34510188631,IssueCommentEvent,2024-01-02T06:00:05Z,3853.0
34510188757,IssueCommentEvent,2024-01-02T06:00:06Z,1548.0
34510189352,IssueCommentEvent,2024-01-02T06:00:08Z,3.0
34510189361,IssueCommentEvent,2024-01-02T06:00:08Z,10926.0
34510189881,IssueCommentEvent,2024-01-02T06:00:10Z,1527.0
34510190110,IssueCommentEvent,2024-01-02T06:00:11Z,2880.0
34510190137,IssueCommentEvent,2024-01-02T06:00:11Z,2880.0
34510190374,IssueCommentEvent,2024-01-02T06:00:12Z,1147.0
34510190841,IssueCommentEvent,2024-01-02T06:00:14Z,1.0
34510190928,IssueCommentEvent,2024-01-02T06:00:15Z,24.0
34510191055,IssueCommentEvent,2024-01-02T06:00:15Z,1.0
34510191062,IssueCommentEvent,2024-01-02T06:00:15Z,4398.0
34510191132,IssueCommentEvent,2024-01-02T06:00:15Z,3879.0
34510191171,IssueCommentEvent,2024-01-02T06:00:16Z,11090.0
34510191482,IssueCommentEvent,2024-01-02T06:00:17Z,89.0
34510191552,IssueCommentEvent,2024-01-02T06:00:17Z,77.0
34510191631,IssueCommentEvent,2024-01-02T06:00:18Z,108.0
34510191688,IssueCommentEvent,2024-01-02T06:00:18Z,8758.0
34510191721,IssueCommentEvent,2024-01-02T06:00:18Z,1147.0
34510950830,IssueCommentEvent,2024-01-02T07:00:00Z,1229.0
34510950846,IssueCommentEvent,2024-01-02T07:00:00Z,8.0
34510950857,IssueCommentEvent,2024-01-02T07:00:00Z,10943.0
34510951110,IssueCommentEvent,2024-01-02T07:00:01Z,12.0
34510951318,IssueCommentEvent,2024-01-02T07:00:02Z,40938.0
34510951700,IssueCommentEvent,2024-01-02T07:00:03Z,4.0
34510951725,IssueCommentEvent,2024-01-02T07:00:04Z,903.0
34510951733,IssueCommentEvent,2024-01-02T07:00:04Z,826.0
34510951992,IssueCommentEvent,2024-01-02T07:00:04Z,6321.0
34510952014,IssueCommentEvent,2024-01-02T07:00:04Z,140659.0
34510952052,IssueCommentEvent,2024-01-02T07:00:04Z,94.0
34510952293,IssueCommentEvent,2024-01-02T07:00:05Z,2.0
34510952478,IssueCommentEvent,2024-01-02T07:00:06Z,1372.0
34510952526,IssueCommentEvent,2024-01-02T07:00:06Z,1349.0
34510952712,IssueCommentEvent,2024-01-02T07:00:06Z,43.0
34510952679,IssueCommentEvent,2024-01-02T07:00:06Z,290.0
34510953481,IssueCommentEvent,2024-01-02T07:00:09Z,70597.0
34510953550,IssueCommentEvent,2024-01-02T07:00:09Z,883.0
34510953624,IssueCommentEvent,2024-01-02T07:00:09Z,10721.0
34510953729,IssueCommentEvent,2024-01-02T07:00:10Z,38092.0
34510953777,IssueCommentEvent,2024-01-02T07:00:10Z,10.0
34510953941,IssueCommentEvent,2024-01-02T07:00:10Z,12.0
34510954317,IssueCommentEvent,2024-01-02T07:00:12Z,137.0
34510954459,IssueCommentEvent,2024-01-02T07:00:12Z,3268.0
34510954556,IssueCommentEvent,2024-01-02T07:00:13Z,151.0
34510954760,IssueCommentEvent,2024-01-02T07:00:14Z,57196.0
34510954767,IssueCommentEvent,2024-01-02T07:00:14Z,29355.0
34510954795,IssueCommentEvent,2024-01-02T07:00:14Z,278184.0
34510954804,IssueCommentEvent,2024-01-02T07:00:14Z,678.0
34510955017,IssueCommentEvent,2024-01-02T07:00:15Z,13.0
34510955020,IssueCommentEvent,2024-01-02T07:00:15Z,18.0
34510955351,IssueCommentEvent,2024-01-02T07:00:16Z,1722.0
34510955389,IssueCommentEvent,2024-01-02T07:00:16Z,3.0
34510955510,IssueCommentEvent,2024-01-02T07:00:16Z,6.0
34510955609,IssueCommentEvent,2024-01-02T07:00:17Z,2364.0
34510955816,IssueCommentEvent,2024-01-02T07:00:18Z,815.0
34510955921,IssueCommentEvent,2024-01-02T07:00:18Z,560.0
34511855515,IssueCommentEvent,2024-01-02T08:00:00Z,1241.0
34511855571,IssueCommentEvent,2024-01-02T08:00:00Z,456.0
34511855836,IssueCommentEvent,2024-01-02T08:00:01Z,824.0
34511856134,IssueCommentEvent,2024-01-02T08:00:03Z,353.0
34511856137,IssueCommentEvent,2024-01-02T08:00:03Z,541.0
34511856298,IssueCommentEvent,2024-01-02T08:00:05Z,54900.0
34511856701,IssueCommentEvent,2024-01-02T08:00:05Z,12638.0
34511856926,IssueCommentEvent,2024-01-02T08:00:05Z,1730.0
34511856993,IssueCommentEvent,2024-01-02T08:00:06Z,4466.0
34511857023,IssueCommentEvent,2024-01-02T08:00:06Z,354.0
34511857054,IssueCommentEvent,2024-01-02T08:00:06Z,4284.0
34511857400,IssueCommentEvent,2024-01-02T08:00:06Z,220.0
34511857511,IssueCommentEvent,2024-01-02T08:00:07Z,10946.0
34511857946,IssueCommentEvent,2024-01-02T08:00:07Z,28473.0
34511858023,IssueCommentEvent,2024-01-02T08:00:08Z,301.0
34511858315,IssueCommentEvent,2024-01-02T08:00:08Z,751.0
34511858478,IssueCommentEvent,2024-01-02T08:00:09Z,703.0
34511858611,IssueCommentEvent,2024-01-02T08:00:09Z,109.0
34511858657,IssueCommentEvent,2024-01-02T08:00:10Z,2577.0
34511858840,IssueCommentEvent,2024-01-02T08:00:10Z,507.0
34511858995,IssueCommentEvent,2024-01-02T08:00:11Z,42.0
34511859076,IssueCommentEvent,2024-01-02T08:00:11Z,3567.0
34511859212,IssueCommentEvent,2024-01-02T08:00:11Z,4.0
34511859248,IssueCommentEvent,2024-01-02T08:00:11Z,1.0
34511859710,IssueCommentEvent,2024-01-02T08:00:13Z,3455.0
34511859742,IssueCommentEvent,2024-01-02T08:00:13Z,109.0
34511859798,IssueCommentEvent,2024-01-02T08:00:13Z,1511.0
34511859840,IssueCommentEvent,2024-01-02T08:00:13Z,1776.0
34511859901,IssueCommentEvent,2024-01-02T08:00:13Z,5326.0
34511860246,IssueCommentEvent,2024-01-02T08:00:15Z,720.0
34511860248,IssueCommentEvent,2024-01-02T08:00:15Z,38238.0
34511860439,IssueCommentEvent,2024-01-02T08:00:15Z,8431.0
34511860572,IssueCommentEvent,2024-01-02T08:00:16Z,12638.0
34511860817,IssueCommentEvent,2024-01-02T08:00:17Z,12638.0
34512915827,IssueCommentEvent,2024-01-02T09:00:00Z,42483.0
34512915838,IssueCommentEvent,2024-01-02T09:00:00Z,1354.0
34512915923,IssueCommentEvent,2024-01-02T09:00:00Z,281377.0
34512916003,IssueCommentEvent,2024-01-02T09:00:01Z,15961.0
34512916287,IssueCommentEvent,2024-01-02T09:00:02Z,118.0
34512916395,IssueCommentEvent,2024-01-02T09:00:02Z,1845.0
34512916692,IssueCommentEvent,2024-01-02T09:00:03Z,435.0
34512917418,IssueCommentEvent,2024-01-02T09:00:05Z,16.0
34512918335,IssueCommentEvent,2024-01-02T09:00:07Z,62461.0
34512918362,IssueCommentEvent,2024-01-02T09:00:07Z,68.0
34512918829,IssueCommentEvent,2024-01-02T09:00:08Z,9.0
34512919090,IssueCommentEvent,2024-01-02T09:00:09Z,1945.0
34512919250,IssueCommentEvent,2024-01-02T09:00:09Z,129.0
34512919710,IssueCommentEvent,2024-01-02T09:00:10Z,54.0
34512919939,IssueCommentEvent,2024-01-02T09:00:11Z,77.0
34512920014,IssueCommentEvent,2024-01-02T09:00:11Z,471.0
34512920089,IssueCommentEvent,2024-01-02T09:00:11Z,385.0
34512920608,IssueCommentEvent,2024-01-02T09:00:12Z,320.0
34512920679,IssueCommentEvent,2024-01-02T09:00:13Z,15331.0
34512920744,IssueCommentEvent,2024-01-02T09:00:13Z,73.0
34512921187,IssueCommentEvent,2024-01-02T09:00:14Z,2.0
34512921363,IssueCommentEvent,2024-01-02T09:00:14Z,122.0
34512921380,IssueCommentEvent,2024-01-02T09:00:14Z,4.0
34514145951,IssueCommentEvent,2024-01-02T10:00:00Z,1356.0
34514146426,IssueCommentEvent,2024-01-02T10:00:01Z,4356.0
34514146873,IssueCommentEvent,2024-01-02T10:00:02Z,4355.0
34514146880,IssueCommentEvent,2024-01-02T10:00:02Z,38948.0
34514146924,IssueCommentEvent,2024-01-02T10:00:03Z,1010.0
34514146968,IssueCommentEvent,2024-01-02T10:00:03Z,7183.0
34514147545,IssueCommentEvent,2024-01-02T10:00:04Z,4321.0
34514147554,IssueCommentEvent,2024-01-02T10:00:04Z,15484.0
34514147563,IssueCommentEvent,2024-01-02T10:00:04Z,236.0
34514147674,IssueCommentEvent,2024-01-02T10:00:04Z,7775.0
34514147708,IssueCommentEvent,2024-01-02T10:00:04Z,10608.0
34514148249,IssueCommentEvent,2024-01-02T10:00:05Z,27.0
34514148320,IssueCommentEvent,2024-01-02T10:00:06Z,644.0
34514148448,IssueCommentEvent,2024-01-02T10:00:06Z,26.0
34514148469,IssueCommentEvent,2024-01-02T10:00:06Z,4317.0
34514148485,IssueCommentEvent,2024-01-02T10:00:06Z,1682.0
34514149209,IssueCommentEvent,2024-01-02T10:00:08Z,2806.0
34514149237,IssueCommentEvent,2024-01-02T10:00:08Z,754.0
34514149270,IssueCommentEvent,2024-01-02T10:00:08Z,2.0
34514149452,IssueCommentEvent,2024-01-02T10:00:08Z,37.0
34514149633,IssueCommentEvent,2024-01-02T10:00:08Z,4056.0
34514149663,IssueCommentEvent,2024-01-02T10:00:09Z,1146.0
34514149777,IssueCommentEvent,2024-01-02T10:00:09Z,10850.0
34514149868,IssueCommentEvent,2024-01-02T10:00:09Z,134.0
34514150353,IssueCommentEvent,2024-01-02T10:00:10Z,1988.0
34514150459,IssueCommentEvent,2024-01-02T10:00:11Z,4047.0
34514150664,IssueCommentEvent,2024-01-02T10:00:11Z,178.0
34514150920,IssueCommentEvent,2024-01-02T10:00:12Z,135.0
34514151035,IssueCommentEvent,2024-01-02T10:00:12Z,4.0
34514151096,IssueCommentEvent,2024-01-02T10:00:12Z,4579.0
34514151153,IssueCommentEvent,2024-01-02T10:00:12Z,132398.0
34514151161,IssueCommentEvent,2024-01-02T10:00:12Z,45507.0
34514151393,IssueCommentEvent,2024-01-02T10:00:13Z,831.0
34514151410,IssueCommentEvent,2024-01-02T10:00:13Z,1094.0
34514151478,IssueCommentEvent,2024-01-02T10:00:13Z,2.0
34514151587,IssueCommentEvent,2024-01-02T10:00:13Z,510.0
34514151655,IssueCommentEvent,2024-01-02T10:00:14Z,1233.0
34514151698,IssueCommentEvent,2024-01-02T10:00:14Z,8.0
34514151825,IssueCommentEvent,2024-01-02T10:00:14Z,8.0
34514152009,IssueCommentEvent,2024-01-02T10:00:14Z,3962.0
34514152184,IssueCommentEvent,2024-01-02T10:00:15Z,136.0
34514152304,IssueCommentEvent,2024-01-02T10:00:15Z,10608.0
34514151907,IssueCommentEvent,2024-01-02T10:00:14Z,417.0
34514152737,IssueCommentEvent,2024-01-02T10:00:16Z,51323.0
34514152621,IssueCommentEvent,2024-01-02T10:00:16Z,51323.0
34515408846,IssueCommentEvent,2024-01-02T11:00:01Z,16.0
34515408900,IssueCommentEvent,2024-01-02T11:00:01Z,4601.0
34515409713,IssueCommentEvent,2024-01-02T11:00:04Z,465.0
34515410614,IssueCommentEvent,2024-01-02T11:00:06Z,1.0
34515410927,IssueCommentEvent,2024-01-02T11:00:06Z,1157.0
34515410991,IssueCommentEvent,2024-01-02T11:00:06Z,876.0
34515411005,IssueCommentEvent,2024-01-02T11:00:06Z,492.0
34515411037,IssueCommentEvent,2024-01-02T11:00:07Z,489.0
34515411104,IssueCommentEvent,2024-01-02T11:00:07Z,22850.0
34515411161,IssueCommentEvent,2024-01-02T11:00:07Z,2808.0
34515411847,IssueCommentEvent,2024-01-02T11:00:08Z,3515.0
34515411872,IssueCommentEvent,2024-01-02T11:00:09Z,663.0
34515412000,IssueCommentEvent,2024-01-02T11:00:09Z,8500.0
34515412067,IssueCommentEvent,2024-01-02T11:00:09Z,71.0
34515412260,IssueCommentEvent,2024-01-02T11:00:10Z,4.0
34515412322,IssueCommentEvent,2024-01-02T11:00:10Z,43.0
34515412434,IssueCommentEvent,2024-01-02T11:00:10Z,6.0
34515412878,IssueCommentEvent,2024-01-02T11:00:11Z,832.0
34515413264,IssueCommentEvent,2024-01-02T11:00:12Z,3580.0
34515413289,IssueCommentEvent,2024-01-02T11:00:12Z,3.0
34515413873,IssueCommentEvent,2024-01-02T11:00:14Z,56.0
34515413950,IssueCommentEvent,2024-01-02T11:00:14Z,50.0
34515414034,IssueCommentEvent,2024-01-02T11:00:14Z,893.0
34515414783,IssueCommentEvent,2024-01-02T11:00:16Z,23368.0
34515414794,IssueCommentEvent,2024-01-02T11:00:16Z,3200.0
34515415094,IssueCommentEvent,2024-01-02T11:00:17Z,64.0
34515415394,IssueCommentEvent,2024-01-02T11:00:18Z,60.0
34515415401,IssueCommentEvent,2024-01-02T11:00:18Z,5345.0
34516565011,IssueCommentEvent,2024-01-02T12:00:00Z,14.0
34516565264,IssueCommentEvent,2024-01-02T12:00:00Z,12543.0
34516565293,IssueCommentEvent,2024-01-02T12:00:01Z,47.0
34516565303,IssueCommentEvent,2024-01-02T12:00:01Z,38197.0
34516565391,IssueCommentEvent,2024-01-02T12:00:01Z,6479.0
34516565395,IssueCommentEvent,2024-01-02T12:00:01Z,69.0
34516565409,IssueCommentEvent,2024-01-02T12:00:01Z,369.0
34516565418,IssueCommentEvent,2024-01-02T12:00:01Z,38.0
34516565499,IssueCommentEvent,2024-01-02T12:00:01Z,203.0
34516565610,IssueCommentEvent,2024-01-02T12:00:02Z,23973.0
34516565927,IssueCommentEvent,2024-01-02T12:00:03Z,4361.0
34516565934,IssueCommentEvent,2024-01-02T12:00:03Z,3630.0
34516566144,IssueCommentEvent,2024-01-02T12:00:03Z,2126.0
34516566551,IssueCommentEvent,2024-01-02T12:00:04Z,47096.0
34516566717,IssueCommentEvent,2024-01-02T12:00:04Z,18.0
34516566735,IssueCommentEvent,2024-01-02T12:00:05Z,1179.0
34516566743,IssueCommentEvent,2024-01-02T12:00:05Z,23942.0
34516566766,IssueCommentEvent,2024-01-02T12:00:05Z,16740.0
34516567074,IssueCommentEvent,2024-01-02T12:00:05Z,49.0
34516567625,IssueCommentEvent,2024-01-02T12:00:07Z,2952.0
34516567804,IssueCommentEvent,2024-01-02T12:00:07Z,166870.0
34516567844,IssueCommentEvent,2024-01-02T12:00:07Z,6.0
34516567992,IssueCommentEvent,2024-01-02T12:00:08Z,23991.0
34516568023,IssueCommentEvent,2024-01-02T12:00:08Z,1.0
34516568026,IssueCommentEvent,2024-01-02T12:00:08Z,28488.0
34516568042,IssueCommentEvent,2024-01-02T12:00:08Z,13506.0
34516568718,IssueCommentEvent,2024-01-02T12:00:09Z,2576.0
34516568862,IssueCommentEvent,2024-01-02T12:00:10Z,69.0
34516569314,IssueCommentEvent,2024-01-02T12:00:11Z,657.0
34516569319,IssueCommentEvent,2024-01-02T12:00:11Z,23965.0
34516569370,IssueCommentEvent,2024-01-02T12:00:11Z,5285.0
34516569465,IssueCommentEvent,2024-01-02T12:00:11Z,3991.0
34516569708,IssueCommentEvent,2024-01-02T12:00:12Z,114.0
34516569798,IssueCommentEvent,2024-01-02T12:00:12Z,1.0
34516569849,IssueCommentEvent,2024-01-02T12:00:12Z,5399.0
34516570171,IssueCommentEvent,2024-01-02T12:00:13Z,10839.0
34516570195,IssueCommentEvent,2024-01-02T12:00:13Z,45.0
34516570368,IssueCommentEvent,2024-01-02T12:00:13Z,23968.0
34516570543,IssueCommentEvent,2024-01-02T12:00:14Z,2.0
34516570780,IssueCommentEvent,2024-01-02T12:00:15Z,565.0
34516571380,IssueCommentEvent,2024-01-02T12:00:16Z,158753.0
34516571417,IssueCommentEvent,2024-01-02T12:00:16Z,1547.0
34516571553,IssueCommentEvent,2024-01-02T12:00:17Z,46.0
34516571711,IssueCommentEvent,2024-01-02T12:00:17Z,4273.0
34516571764,IssueCommentEvent,2024-01-02T12:00:17Z,22.0
34516571855,IssueCommentEvent,2024-01-02T12:00:17Z,3084.0
34517826450,IssueCommentEvent,2024-01-02T13:00:01Z,852.0
34517826455,IssueCommentEvent,2024-01-02T13:00:01Z,4281.0
34517826460,IssueCommentEvent,2024-01-02T13:00:01Z,3.0
34517826627,IssueCommentEvent,2024-01-02T13:00:01Z,34.0
34517826771,IssueCommentEvent,2024-01-02T13:00:01Z,16384.0
34517826948,IssueCommentEvent,2024-01-02T13:00:02Z,553.0
34517827137,IssueCommentEvent,2024-01-02T13:00:02Z,60113.0
34517827165,IssueCommentEvent,2024-01-02T13:00:02Z,249.0
34517827267,IssueCommentEvent,2024-01-02T13:00:03Z,842.0
34517827624,IssueCommentEvent,2024-01-02T13:00:04Z,328.0
34517827807,IssueCommentEvent,2024-01-02T13:00:04Z,841.0
34517828200,IssueCommentEvent,2024-01-02T13:00:05Z,27.0
34517828388,IssueCommentEvent,2024-01-02T13:00:05Z,461.0
34517828445,IssueCommentEvent,2024-01-02T13:00:05Z,188.0
34517828544,IssueCommentEvent,2024-01-02T13:00:06Z,4505.0
34517828688,IssueCommentEvent,2024-01-02T13:00:06Z,188.0
34517829230,IssueCommentEvent,2024-01-02T13:00:07Z,277144.0
34517829256,IssueCommentEvent,2024-01-02T13:00:07Z,54.0
34517830102,IssueCommentEvent,2024-01-02T13:00:09Z,3091.0
34517830322,IssueCommentEvent,2024-01-02T13:00:10Z,1018.0
34517830457,IssueCommentEvent,2024-01-02T13:00:10Z,672.0
34517830498,IssueCommentEvent,2024-01-02T13:00:10Z,257.0
34517830545,IssueCommentEvent,2024-01-02T13:00:10Z,264.0
34517830546,IssueCommentEvent,2024-01-02T13:00:10Z,553.0
34517830745,IssueCommentEvent,2024-01-02T13:00:11Z,1119.0
34517831094,IssueCommentEvent,2024-01-02T13:00:12Z,284.0
34519121289,IssueCommentEvent,2024-01-02T14:00:00Z,1995.0
34519121311,IssueCommentEvent,2024-01-02T14:00:00Z,2159.0
34519121344,IssueCommentEvent,2024-01-02T14:00:00Z,23.0
34519121695,IssueCommentEvent,2024-01-02T14:00:01Z,3807.0
34519121709,IssueCommentEvent,2024-01-02T14:00:01Z,2490.0
34519121724,IssueCommentEvent,2024-01-02T14:00:01Z,422.0
34519121852,IssueCommentEvent,2024-01-02T14:00:02Z,2490.0
34519122066,IssueCommentEvent,2024-01-02T14:00:02Z,2490.0
34519122083,IssueCommentEvent,2024-01-02T14:00:02Z,498.0
34519122106,IssueCommentEvent,2024-01-02T14:00:02Z,56.0
34519122126,IssueCommentEvent,2024-01-02T14:00:02Z,19489.0
34519122175,IssueCommentEvent,2024-01-02T14:00:02Z,755.0
34519122256,IssueCommentEvent,2024-01-02T14:00:03Z,7231.0
34519122492,IssueCommentEvent,2024-01-02T14:00:03Z,844.0
34519122507,IssueCommentEvent,2024-01-02T14:00:03Z,647.0
34519122515,IssueCommentEvent,2024-01-02T14:00:03Z,2847.0
34519122661,IssueCommentEvent,2024-01-02T14:00:04Z,9430.0
34519122914,IssueCommentEvent,2024-01-02T14:00:04Z,132422.0
34519123030,IssueCommentEvent,2024-01-02T14:00:04Z,97.0
34519123191,IssueCommentEvent,2024-01-02T14:00:05Z,10.0
34519123257,IssueCommentEvent,2024-01-02T14:00:05Z,91.0
34519123361,IssueCommentEvent,2024-01-02T14:00:05Z,9683.0
34519123501,IssueCommentEvent,2024-01-02T14:00:05Z,6.0
34519124562,IssueCommentEvent,2024-01-02T14:00:07Z,1.0
34519124669,IssueCommentEvent,2024-01-02T14:00:08Z,103791.0
34519124855,IssueCommentEvent,2024-01-02T14:00:08Z,8751.0
34519125021,IssueCommentEvent,2024-01-02T14:00:08Z,201637.0
34519125243,IssueCommentEvent,2024-01-02T14:00:09Z,132422.0
34519125331,IssueCommentEvent,2024-01-02T14:00:09Z,702.0
34519125371,IssueCommentEvent,2024-01-02T14:00:09Z,1889.0
34519125690,IssueCommentEvent,2024-01-02T14:00:10Z,5702.0
34519125705,IssueCommentEvent,2024-01-02T14:00:10Z,550.0
34519125723,IssueCommentEvent,2024-01-02T14:00:10Z,128.0
34519125812,IssueCommentEvent,2024-01-02T14:00:10Z,44902.0
34519125894,IssueCommentEvent,2024-01-02T14:00:10Z,3074.0
34519126052,IssueCommentEvent,2024-01-02T14:00:11Z,38.0
34519126983,IssueCommentEvent,2024-01-02T14:00:13Z,172.0
34519127037,IssueCommentEvent,2024-01-02T14:00:13Z,21.0
34519127074,IssueCommentEvent,2024-01-02T14:00:13Z,23374.0
34519127191,IssueCommentEvent,2024-01-02T14:00:13Z,38279.0
34519127314,IssueCommentEvent,2024-01-02T14:00:13Z,956.0
34519127467,IssueCommentEvent,2024-01-02T14:00:14Z,21402.0
34519127475,IssueCommentEvent,2024-01-02T14:00:14Z,1507.0
34519127688,IssueCommentEvent,2024-01-02T14:00:14Z,597.0
34519127870,IssueCommentEvent,2024-01-02T14:00:15Z,281479.0
34519127903,IssueCommentEvent,2024-01-02T14:00:15Z,18659.0
34519128075,IssueCommentEvent,2024-01-02T14:00:15Z,2.0
34519128204,IssueCommentEvent,2024-01-02T14:00:16Z,98.0
34519128475,IssueCommentEvent,2024-01-02T14:00:16Z,51339.0
34520558039,IssueCommentEvent,2024-01-02T15:00:00Z,281501.0
34520558078,IssueCommentEvent,2024-01-02T15:00:00Z,16798.0
34520558230,IssueCommentEvent,2024-01-02T15:00:00Z,364.0
34520558334,IssueCommentEvent,2024-01-02T15:00:01Z,4221.0
34520558881,IssueCommentEvent,2024-01-02T15:00:02Z,4.0
34520559107,IssueCommentEvent,2024-01-02T15:00:02Z,1265.0
34520559185,IssueCommentEvent,2024-01-02T15:00:03Z,89.0
34520559609,IssueCommentEvent,2024-01-02T15:00:03Z,2470.0
34520559711,IssueCommentEvent,2024-01-02T15:00:04Z,20.0
34520560292,IssueCommentEvent,2024-01-02T15:00:05Z,922.0
34520560446,IssueCommentEvent,2024-01-02T15:00:05Z,128.0
34520560489,IssueCommentEvent,2024-01-02T15:00:05Z,238.0
34520560500,IssueCommentEvent,2024-01-02T15:00:05Z,338.0
34520560601,IssueCommentEvent,2024-01-02T15:00:05Z,712.0
34520560724,IssueCommentEvent,2024-01-02T15:00:06Z,151.0
34520560739,IssueCommentEvent,2024-01-02T15:00:06Z,386.0
34520561454,IssueCommentEvent,2024-01-02T15:00:07Z,86.0
34520561496,IssueCommentEvent,2024-01-02T15:00:07Z,54.0
34520562036,IssueCommentEvent,2024-01-02T15:00:08Z,56.0
34520562203,IssueCommentEvent,2024-01-02T15:00:09Z,19370.0
34520562335,IssueCommentEvent,2024-01-02T15:00:09Z,54.0
34520562407,IssueCommentEvent,2024-01-02T15:00:09Z,53.0
34520563510,IssueCommentEvent,2024-01-02T15:00:11Z,9862.0
34520563588,IssueCommentEvent,2024-01-02T15:00:11Z,23.0
34520563722,IssueCommentEvent,2024-01-02T15:00:12Z,210.0
34520563961,IssueCommentEvent,2024-01-02T15:00:12Z,9861.0
34520564133,IssueCommentEvent,2024-01-02T15:00:13Z,43646.0
34520564256,IssueCommentEvent,2024-01-02T15:00:13Z,363.0
34522000022,IssueCommentEvent,2024-01-02T16:00:00Z,508.0
34522000036,IssueCommentEvent,2024-01-02T16:00:00Z,175.0
34522000112,IssueCommentEvent,2024-01-02T16:00:00Z,3772.0
34522000122,IssueCommentEvent,2024-01-02T16:00:00Z,229.0
34522000132,IssueCommentEvent,2024-01-02T16:00:00Z,5187.0
34522000202,IssueCommentEvent,2024-01-02T16:00:01Z,22900.0
34522000213,IssueCommentEvent,2024-01-02T16:00:01Z,8789.0
34522000263,IssueCommentEvent,2024-01-02T16:00:01Z,217.0
34522000305,IssueCommentEvent,2024-01-02T16:00:01Z,6156.0
34522000524,IssueCommentEvent,2024-01-02T16:00:01Z,2.0
34522000624,IssueCommentEvent,2024-01-02T16:00:02Z,149.0
34522000835,IssueCommentEvent,2024-01-02T16:00:02Z,3627.0
34522000905,IssueCommentEvent,2024-01-02T16:00:03Z,1271.0
34522001057,IssueCommentEvent,2024-01-02T16:00:03Z,31201.0
34522001109,IssueCommentEvent,2024-01-02T16:00:03Z,175.0
34522001169,IssueCommentEvent,2024-01-02T16:00:03Z,3627.0
34522001479,IssueCommentEvent,2024-01-02T16:00:04Z,182.0
34522002049,IssueCommentEvent,2024-01-02T16:00:05Z,33632.0
34522002053,IssueCommentEvent,2024-01-02T16:00:05Z,6.0
34522002185,IssueCommentEvent,2024-01-02T16:00:05Z,75.0
34522002553,IssueCommentEvent,2024-01-02T16:00:06Z,33630.0
34522002625,IssueCommentEvent,2024-01-02T16:00:06Z,6.0
34522002663,IssueCommentEvent,2024-01-02T16:00:06Z,579.0
34522002682,IssueCommentEvent,2024-01-02T16:00:06Z,240.0
34522002854,IssueCommentEvent,2024-01-02T16:00:07Z,74.0
34522002855,IssueCommentEvent,2024-01-02T16:00:07Z,182.0
34522002900,IssueCommentEvent,2024-01-02T16:00:07Z,2640.0
34522003030,IssueCommentEvent,2024-01-02T16:00:07Z,10106.0
34522003370,IssueCommentEvent,2024-01-02T16:00:08Z,12.0
34522003461,IssueCommentEvent,2024-01-02T16:00:08Z,55.0
34522003588,IssueCommentEvent,2024-01-02T16:00:09Z,6899.0
34522003620,IssueCommentEvent,2024-01-02T16:00:09Z,728.0
34522003720,IssueCommentEvent,2024-01-02T16:00:09Z,33625.0
34522003721,IssueCommentEvent,2024-01-02T16:00:09Z,2.0
34522003791,IssueCommentEvent,2024-01-02T16:00:09Z,536.0
34522003847,IssueCommentEvent,2024-01-02T16:00:09Z,706.0
34522003856,IssueCommentEvent,2024-01-02T16:00:09Z,611.0
34522003871,IssueCommentEvent,2024-01-02T16:00:09Z,8.0
34522003883,IssueCommentEvent,2024-01-02T16:00:09Z,141397.0
34522003972,IssueCommentEvent,2024-01-02T16:00:09Z,74.0
34522004302,IssueCommentEvent,2024-01-02T16:00:10Z,3029.0
34522004316,IssueCommentEvent,2024-01-02T16:00:10Z,3272.0
34522004320,IssueCommentEvent,2024-01-02T16:00:10Z,382.0
34522004416,IssueCommentEvent,2024-01-02T16:00:10Z,5525.0
34522004438,IssueCommentEvent,2024-01-02T16:00:10Z,95.0
34522004447,IssueCommentEvent,2024-01-02T16:00:10Z,1.0
34522004500,IssueCommentEvent,2024-01-02T16:00:11Z,38281.0
34522004589,IssueCommentEvent,2024-01-02T16:00:11Z,5396.0
34522004624,IssueCommentEvent,2024-01-02T16:00:11Z,33623.0
34522004836,IssueCommentEvent,2024-01-02T16:00:11Z,5399.0
34522005044,IssueCommentEvent,2024-01-02T16:00:12Z,1953.0
34522005227,IssueCommentEvent,2024-01-02T16:00:12Z,537.0
34522005671,IssueCommentEvent,2024-01-02T16:00:13Z,95.0
34522005721,IssueCommentEvent,2024-01-02T16:00:13Z,62.0
34522005741,IssueCommentEvent,2024-01-02T16:00:13Z,250.0
34522005857,IssueCommentEvent,2024-01-02T16:00:13Z,27.0
34522006019,IssueCommentEvent,2024-01-02T16:00:14Z,10.0
34522006098,IssueCommentEvent,2024-01-02T16:00:14Z,33.0
34522006121,IssueCommentEvent,2024-01-02T16:00:14Z,28.0
34522006148,IssueCommentEvent,2024-01-02T16:00:14Z,22.0
34522006212,IssueCommentEvent,2024-01-02T16:00:14Z,104.0
34523378247,IssueCommentEvent,2024-01-02T17:00:00Z,158790.0
34523378593,IssueCommentEvent,2024-01-02T17:00:01Z,35966.0
34523378605,IssueCommentEvent,2024-01-02T17:00:01Z,3106.0
34523378690,IssueCommentEvent,2024-01-02T17:00:01Z,9.0
34523378940,IssueCommentEvent,2024-01-02T17:00:02Z,3880.0
34523379250,IssueCommentEvent,2024-01-02T17:00:03Z,1299.0
34523379419,IssueCommentEvent,2024-01-02T17:00:03Z,2.0
34523379705,IssueCommentEvent,2024-01-02T17:00:04Z,1303.0
34523379813,IssueCommentEvent,2024-01-02T17:00:04Z,122399.0
34523380294,IssueCommentEvent,2024-01-02T17:00:05Z,129.0
34523380311,IssueCommentEvent,2024-01-02T17:00:05Z,5638.0
34523380462,IssueCommentEvent,2024-01-02T17:00:06Z,3329.0
34523380819,IssueCommentEvent,2024-01-02T17:00:06Z,4682.0
34523380869,IssueCommentEvent,2024-01-02T17:00:06Z,191.0
34523380898,IssueCommentEvent,2024-01-02T17:00:07Z,36.0
34523380996,IssueCommentEvent,2024-01-02T17:00:07Z,2917.0
34523381020,IssueCommentEvent,2024-01-02T17:00:07Z,4848.0
34523381141,IssueCommentEvent,2024-01-02T17:00:07Z,37.0
34523381218,IssueCommentEvent,2024-01-02T17:00:07Z,1607.0
34523381261,IssueCommentEvent,2024-01-02T17:00:07Z,7.0
34523381262,IssueCommentEvent,2024-01-02T17:00:07Z,13137.0
34523381300,IssueCommentEvent,2024-01-02T17:00:07Z,91.0
34523381610,IssueCommentEvent,2024-01-02T17:00:08Z,32.0
34523382659,IssueCommentEvent,2024-01-02T17:00:11Z,19569.0
34523383016,IssueCommentEvent,2024-01-02T17:00:12Z,8727.0
34523383178,IssueCommentEvent,2024-01-02T17:00:12Z,850.0
34523383180,IssueCommentEvent,2024-01-02T17:00:12Z,4347.0
34523383434,IssueCommentEvent,2024-01-02T17:00:13Z,158793.0
34523383706,IssueCommentEvent,2024-01-02T17:00:13Z,57.0
34523383866,IssueCommentEvent,2024-01-02T17:00:14Z,13365.0
34523383873,IssueCommentEvent,2024-01-02T17:00:14Z,1191.0
34524599066,IssueCommentEvent,2024-01-02T18:00:00Z,1345.0
34524599228,IssueCommentEvent,2024-01-02T18:00:01Z,5638.0
34524599248,IssueCommentEvent,2024-01-02T18:00:01Z,5564.0
34524599337,IssueCommentEvent,2024-01-02T18:00:01Z,434.0
34524599420,IssueCommentEvent,2024-01-02T18:00:01Z,1196.0
34524599493,IssueCommentEvent,2024-01-02T18:00:01Z,2070.0
34524599564,IssueCommentEvent,2024-01-02T18:00:01Z,5052.0
34524599580,IssueCommentEvent,2024-01-02T18:00:01Z,5435.0
34524599862,IssueCommentEvent,2024-01-02T18:00:02Z,200.0
34524600515,IssueCommentEvent,2024-01-02T18:00:04Z,3027.0
34524601014,IssueCommentEvent,2024-01-02T18:00:05Z,42.0
34524601028,IssueCommentEvent,2024-01-02T18:00:05Z,69.0
34524601046,IssueCommentEvent,2024-01-02T18:00:05Z,24297.0
34524601360,IssueCommentEvent,2024-01-02T18:00:06Z,62.0
34524601444,IssueCommentEvent,2024-01-02T18:00:06Z,716.0
34524601509,IssueCommentEvent,2024-01-02T18:00:06Z,2661.0
34524601516,IssueCommentEvent,2024-01-02T18:00:06Z,11630.0
34524601504,IssueCommentEvent,2024-01-02T18:00:06Z,33.0
34524601820,IssueCommentEvent,2024-01-02T18:00:07Z,480.0
34524601939,IssueCommentEvent,2024-01-02T18:00:07Z,10866.0
34524601948,IssueCommentEvent,2024-01-02T18:00:07Z,352.0
34524602051,IssueCommentEvent,2024-01-02T18:00:08Z,1379.0
34524602137,IssueCommentEvent,2024-01-02T18:00:08Z,780.0
34524602181,IssueCommentEvent,2024-01-02T18:00:08Z,56.0
34524602211,IssueCommentEvent,2024-01-02T18:00:08Z,10769.0
34524602826,IssueCommentEvent,2024-01-02T18:00:10Z,1441.0
34524603055,IssueCommentEvent,2024-01-02T18:00:10Z,191.0
34524603181,IssueCommentEvent,2024-01-02T18:00:11Z,28330.0
34524603182,IssueCommentEvent,2024-01-02T18:00:11Z,423.0
34524603197,IssueCommentEvent,2024-01-02T18:00:11Z,1797.0
34524603487,IssueCommentEvent,2024-01-02T18:00:11Z,46.0
34524603887,IssueCommentEvent,2024-01-02T18:00:12Z,717.0
34524603900,IssueCommentEvent,2024-01-02T18:00:13Z,22.0
34524604056,IssueCommentEvent,2024-01-02T18:00:13Z,5.0
34524604188,IssueCommentEvent,2024-01-02T18:00:13Z,91.0
34524604670,IssueCommentEvent,2024-01-02T18:00:15Z,18.0
34524604696,IssueCommentEvent,2024-01-02T18:00:15Z,11419.0
34524604734,IssueCommentEvent,2024-01-02T18:00:15Z,2306.0
34524604743,IssueCommentEvent,2024-01-02T18:00:15Z,168.0
34524604764,IssueCommentEvent,2024-01-02T18:00:15Z,38222.0
34524604813,IssueCommentEvent,2024-01-02T18:00:15Z,309.0
34524604832,IssueCommentEvent,2024-01-02T18:00:15Z,2.0
34524604994,IssueCommentEvent,2024-01-02T18:00:16Z,3997.0
34524605150,IssueCommentEvent,2024-01-02T18:00:16Z,140.0
34525722544,IssueCommentEvent,2024-01-02T19:00:00Z,22114.0
34525722700,IssueCommentEvent,2024-01-02T19:00:00Z,1064.0
34525722717,IssueCommentEvent,2024-01-02T19:00:00Z,127.0
34525722727,IssueCommentEvent,2024-01-02T19:00:00Z,96386.0
34525722774,IssueCommentEvent,2024-01-02T19:00:01Z,219.0
34525722874,IssueCommentEvent,2024-01-02T19:00:01Z,49.0
34525723068,IssueCommentEvent,2024-01-02T19:00:01Z,890.0
34525723531,IssueCommentEvent,2024-01-02T19:00:03Z,87.0
34525723808,IssueCommentEvent,2024-01-02T19:00:04Z,1064.0
34525724135,IssueCommentEvent,2024-01-02T19:00:04Z,132.0
34525724239,IssueCommentEvent,2024-01-02T19:00:05Z,26.0
34525724633,IssueCommentEvent,2024-01-02T19:00:05Z,243.0
34525724694,IssueCommentEvent,2024-01-02T19:00:06Z,20.0
34525724924,IssueCommentEvent,2024-01-02T19:00:06Z,81.0
34525724944,IssueCommentEvent,2024-01-02T19:00:06Z,40749.0
34525725264,IssueCommentEvent,2024-01-02T19:00:07Z,595.0
34525725389,IssueCommentEvent,2024-01-02T19:00:07Z,341.0
34525725563,IssueCommentEvent,2024-01-02T19:00:08Z,159.0
34525725714,IssueCommentEvent,2024-01-02T19:00:08Z,148.0
34525725763,IssueCommentEvent,2024-01-02T19:00:08Z,27946.0
34525725958,IssueCommentEvent,2024-01-02T19:00:09Z,36437.0
34525725973,IssueCommentEvent,2024-01-02T19:00:09Z,1064.0
34525726121,IssueCommentEvent,2024-01-02T19:00:09Z,436.0
34525726332,IssueCommentEvent,2024-01-02T19:00:10Z,40749.0
34525726341,IssueCommentEvent,2024-01-02T19:00:10Z,14028.0
34525727123,IssueCommentEvent,2024-01-02T19:00:12Z,1064.0
34525727124,IssueCommentEvent,2024-01-02T19:00:12Z,6244.0
34525727128,IssueCommentEvent,2024-01-02T19:00:12Z,8019.0
34525727171,IssueCommentEvent,2024-01-02T19:00:12Z,5.0
34525727518,IssueCommentEvent,2024-01-02T19:00:13Z,2679.0
34525727529,IssueCommentEvent,2024-01-02T19:00:13Z,3510.0
34525727824,IssueCommentEvent,2024-01-02T19:00:14Z,21924.0
34525728023,IssueCommentEvent,2024-01-02T19:00:14Z,4157.0
34525728198,IssueCommentEvent,2024-01-02T19:00:15Z,1.0
34525728231,IssueCommentEvent,2024-01-02T19:00:15Z,14.0
34525728405,IssueCommentEvent,2024-01-02T19:00:16Z,1064.0
