repo_url,issue_url,toxic_date,day-3_commits,day-3_contributors,day-3_lines_of_code,day-2_commits,day-2_contributors,day-2_lines_of_code,day-1_commits,day-1_contributors,day-1_lines_of_code,day0_commits,day0_contributors,day0_lines_of_code,day1_commits,day1_contributors,day1_lines_of_code,day2_commits,day2_contributors,day2_lines_of_code,day3_commits,day3_contributors,day3_lines_of_code,release_dates
https://api.github.com/repos/AppliedEnergistics/Applied-Energistics-2,https://api.github.com/repos/AppliedEnergistics/Applied-Energistics-2/issues/3507,2018-05-22 20:00:36+00:00,0,0,0,0,0,0,0,0,0,0,0,0,0,0,0,0,0,0,0,0,0,"['2025-02-26T00:33:47Z', '2025-02-23T12:38:05Z', '2025-02-22T23:50:18Z', '2025-02-22T22:48:29Z', '2025-02-22T22:07:52Z', '2025-02-14T20:06:13Z', '2025-01-30T21:24:51Z', '2025-01-30T00:22:15Z', '2025-01-29T02:08:49Z', '2025-01-14T21:56:37Z', '2025-01-14T22:22:10Z', '2025-01-14T22:20:17Z', '2024-12-22T20:18:38Z', '2024-12-22T23:08:46Z', '2024-12-22T23:09:46Z', '2024-12-19T21:28:06Z', '2024-12-19T22:53:34Z', '2024-12-17T10:58:53Z', '2024-12-17T18:50:52Z', '2024-12-17T19:01:46Z', '2024-12-13T23:19:19Z', '2024-12-13T23:18:58Z', '2024-12-10T12:03:02Z', '2024-12-09T11:16:11Z', '2024-12-08T16:31:31Z', '2024-12-08T11:58:18Z', '2024-12-08T02:33:50Z', '2024-12-08T02:26:39Z', '2024-09-16T17:09:58Z', '2024-08-25T15:32:04Z']"
https://api.github.com/repos/AppliedEnergistics/Applied-Energistics-2,https://api.github.com/repos/AppliedEnergistics/Applied-Energistics-2/issues/3800,2018-10-23 04:48:50+00:00,0,0,0,3,1,280,0,0,0,0,0,0,0,0,0,0,0,0,0,0,0,"['2025-02-26T00:33:47Z', '2025-02-23T12:38:05Z', '2025-02-22T23:50:18Z', '2025-02-22T22:48:29Z', '2025-02-22T22:07:52Z', '2025-02-14T20:06:13Z', '2025-01-30T21:24:51Z', '2025-01-30T00:22:15Z', '2025-01-29T02:08:49Z', '2025-01-14T21:56:37Z', '2025-01-14T22:22:10Z', '2025-01-14T22:20:17Z', '2024-12-22T20:18:38Z', '2024-12-22T23:08:46Z', '2024-12-22T23:09:46Z', '2024-12-19T21:28:06Z', '2024-12-19T22:53:34Z', '2024-12-17T10:58:53Z', '2024-12-17T18:50:52Z', '2024-12-17T19:01:46Z', '2024-12-13T23:19:19Z', '2024-12-13T23:18:58Z', '2024-12-10T12:03:02Z', '2024-12-09T11:16:11Z', '2024-12-08T16:31:31Z', '2024-12-08T11:58:18Z', '2024-12-08T02:33:50Z', '2024-12-08T02:26:39Z', '2024-09-16T17:09:58Z', '2024-08-25T15:32:04Z']"
https://api.github.com/repos/BEEmod/BEE2.4,https://api.github.com/repos/BEEmod/BEE2.4/issues/937,2018-06-16 18:43:21+00:00,0,0,0,0,0,0,0,0,0,0,0,0,5,1,308,0,0,0,0,0,0,"['2024-06-05T06:29:46Z', '2024-05-28T23:42:32Z', '2024-05-28T04:27:55Z', '2023-12-31T06:08:52Z', '2023-12-30T02:49:09Z', '2023-01-01T04:06:48Z', '2022-10-18T02:58:27Z', '2021-11-16T07:56:09Z', '2021-07-06T04:53:38Z', '2021-07-02T06:52:47Z', '2021-02-28T05:05:06Z', '2021-02-21T02:29:11Z', '2021-01-15T05:40:28Z', '2021-01-14T04:57:21Z', '2020-07-19T08:15:34Z', '2019-11-22T02:40:32Z', '2019-06-05T08:23:18Z', '2019-03-10T06:30:00Z', '2019-01-11T23:49:58Z', '2019-01-11T03:35:12Z', '2018-12-09T06:18:29Z', '2018-11-10T07:49:12Z', '2018-10-04T05:28:22Z', '2018-03-29T09:12:15Z', '2018-01-23T05:19:29Z', '2017-10-10T09:24:39Z', '2017-06-08T04:59:43Z', '2017-05-06T23:17:57Z', '2017-01-21T06:47:46Z', '2016-11-23T06:29:34Z']"
https://api.github.com/repos/Contentify/Contentify,https://api.github.com/repos/Contentify/Contentify/issues/398,2018-07-06 10:40:32+00:00,0,0,0,0,0,0,0,0,0,0,0,0,1,1,2,2,1,4,0,0,0,"['2022-11-20T13:42:11Z', '2021-08-01T12:28:29Z', '2020-05-17T15:31:08Z', '2019-03-29T12:27:06Z', '2019-01-20T11:34:43Z', '2018-12-24T10:48:00Z', '2018-10-14T15:02:37Z', '2018-05-06T11:07:12Z', '2018-03-23T18:31:44Z', '2018-03-23T18:27:32Z', '2018-03-11T15:42:57Z', '2017-12-24T12:26:51Z', '2017-08-06T17:24:55Z', '2016-12-24T11:53:37Z', '2016-12-20T22:10:21Z', '2016-11-01T13:05:31Z', '2016-10-03T13:07:44Z', '2016-06-06T10:41:22Z', '2015-12-23T21:00:58Z', '2015-10-04T09:53:35Z', '2015-08-31T11:34:47Z', '2015-08-02T12:50:55Z', '2015-07-14T12:25:19Z', '2015-06-25T14:37:00Z', '2015-06-05T16:51:50Z', '2015-05-31T15:41:57Z']"
https://api.github.com/repos/Foliotek/Croppie,https://api.github.com/repos/Foliotek/Croppie/issues/587,2018-11-14 14:21:43+00:00,0,0,0,0,0,0,0,0,0,0,0,0,0,0,0,0,0,0,0,0,0,"['2019-04-10T15:41:14Z', '2018-03-16T13:09:44Z', '2018-02-05T15:01:49Z', '2018-02-05T14:30:49Z', '2017-10-19T12:40:54Z', '2017-07-14T15:32:58Z', '2017-03-07T15:37:17Z', '2016-10-21T19:31:55Z', '2016-08-05T18:48:11Z', '2016-06-23T20:26:28Z', '2016-05-24T13:31:28Z', '2016-04-09T16:50:57Z', '2016-03-18T19:23:18Z', '2016-03-08T14:20:26Z', '2016-02-22T15:29:00Z', '2016-02-15T21:04:03Z', '2016-01-15T20:33:24Z']"
https://api.github.com/repos/SixLabors/ImageSharp,https://api.github.com/repos/SixLabors/ImageSharp/issues/485,2018-03-09 17:02:18+00:00,1,1,3165,1,1,951,1,1,477,7,1,1851,2,1,1336,2,1,152,0,0,0,"['2025-03-06T10:36:54Z', '2025-03-06T10:37:40Z', '2024-11-19T10:34:57Z', '2024-07-22T09:50:11Z', '2024-07-22T09:49:20Z', '2024-04-11T06:37:09Z', '2024-04-11T06:12:42Z', '2024-03-06T11:43:35Z', '2024-03-05T04:53:57Z', '2024-01-01T03:34:07Z', '2023-12-11T12:25:35Z', '2023-12-01T10:54:56Z', '2023-08-30T02:02:32Z', '2023-08-30T12:38:36Z', '2023-08-14T11:09:07Z', '2023-03-28T12:14:32Z', '2023-03-28T12:15:34Z', '2023-03-01T12:35:13Z', '2022-06-18T00:16:31Z', '2022-05-26T05:37:24Z', '2022-04-21T12:50:38Z', '2022-03-16T01:18:12Z', '2022-02-07T12:17:15Z', '2021-09-28T03:42:31Z', '2021-02-17T21:20:24Z', '2020-11-13T00:10:55Z', '2020-08-21T15:05:12Z', '2020-08-04T21:46:59Z', '2020-06-18T20:04:09Z', '2020-06-08T10:50:39Z']"
https://api.github.com/repos/SixLabors/ImageSharp,https://api.github.com/repos/SixLabors/ImageSharp/issues/513,2018-04-03 16:03:22+00:00,19,1,594,2,2,135,2,1,12,3,1,1653,4,1,5325,0,0,0,0,0,0,"['2025-03-06T10:36:54Z', '2025-03-06T10:37:40Z', '2024-11-19T10:34:57Z', '2024-07-22T09:50:11Z', '2024-07-22T09:49:20Z', '2024-04-11T06:37:09Z', '2024-04-11T06:12:42Z', '2024-03-06T11:43:35Z', '2024-03-05T04:53:57Z', '2024-01-01T03:34:07Z', '2023-12-11T12:25:35Z', '2023-12-01T10:54:56Z', '2023-08-30T02:02:32Z', '2023-08-30T12:38:36Z', '2023-08-14T11:09:07Z', '2023-03-28T12:14:32Z', '2023-03-28T12:15:34Z', '2023-03-01T12:35:13Z', '2022-06-18T00:16:31Z', '2022-05-26T05:37:24Z', '2022-04-21T12:50:38Z', '2022-03-16T01:18:12Z', '2022-02-07T12:17:15Z', '2021-09-28T03:42:31Z', '2021-02-17T21:20:24Z', '2020-11-13T00:10:55Z', '2020-08-21T15:05:12Z', '2020-08-04T21:46:59Z', '2020-06-18T20:04:09Z', '2020-06-08T10:50:39Z']"
https://api.github.com/repos/mezz/JustEnoughItems,https://api.github.com/repos/mezz/JustEnoughItems/issues/1153,2018-02-24 12:48:19+00:00,0,0,0,0,0,0,0,0,0,1,1,45,0,0,0,0,0,0,0,0,0,"['2015-11-24T01:44:55Z', '2015-11-23T21:01:37Z', '2015-11-23T22:36:40Z', '2015-11-11T05:01:06Z']"
https://api.github.com/repos/NanoAdblocker/NanoCore,https://api.github.com/repos/NanoAdblocker/NanoCore/issues/87,2018-01-09 23:03:07+00:00,0,0,0,13,2,116,6,1,154,3,1,533,5,2,131,3,1,144,0,0,0,"['2020-08-23T19:50:37Z', '2020-07-16T03:32:05Z', '2020-07-11T18:49:24Z', '2020-07-04T16:40:32Z', '2020-06-07T17:04:28Z', '2020-05-26T18:54:20Z', '2020-05-21T15:15:15Z', '2020-05-16T19:09:32Z', '2020-05-21T03:21:28Z', '2020-04-06T15:22:20Z', '2020-04-04T05:06:57Z', '2020-03-18T19:11:23Z', '2020-02-19T19:09:56Z', '2020-01-01T19:56:27Z', '2020-01-01T01:51:41Z', '2019-12-28T22:44:34Z', '2019-12-28T21:48:52Z', '2019-11-09T21:02:47Z', '2019-10-11T22:21:20Z', '2019-09-26T21:32:23Z', '2019-09-07T15:13:25Z', '2019-09-06T01:39:32Z', '2019-08-25T17:51:54Z', '2019-07-28T17:19:53Z', '2019-07-17T04:14:09Z', '2019-07-04T04:14:57Z', '2019-06-01T19:41:06Z', '2019-05-25T01:17:32Z', '2019-05-24T02:59:17Z', '2019-11-09T07:38:13Z']"
https://api.github.com/repos/OpenRCT2/OpenRCT2,https://api.github.com/repos/OpenRCT2/OpenRCT2/issues/7186,2018-02-14 21:01:58+00:00,0,0,0,2,1,42,6,4,352,12,3,2091,4,3,314,5,3,65,0,0,0,"['2025-02-25T17:39:06Z', '2025-02-03T20:08:44Z', '2025-02-01T20:58:46Z', '2025-01-08T19:53:12Z', '2024-12-08T17:12:08Z', '2024-11-03T18:38:29Z', '2024-11-03T18:03:28Z', '2024-09-01T21:09:45Z', '2024-08-04T19:23:07Z', '2024-07-07T16:16:41Z', '2024-05-05T18:58:04Z', '2024-04-02T21:20:15Z', '2024-03-02T21:31:55Z', '2024-02-04T15:24:18Z', '2023-12-31T16:00:46Z', '2023-09-03T16:28:20Z', '2023-05-08T12:43:18Z', '2023-03-28T17:25:19Z', '2022-12-14T12:57:45Z', '2022-10-05T10:47:21Z', '2022-07-04T17:51:54Z', '2022-04-25T18:18:55Z', '2021-11-21T21:36:40Z', '2021-11-06T11:44:32Z', '2021-07-25T20:15:58Z', '2021-07-19T11:20:55Z', '2021-03-13T11:45:36Z', '2020-11-01T19:08:38Z', '2020-09-27T21:39:03Z', '2020-08-15T19:28:18Z']"
https://api.github.com/repos/OpenRCT2/OpenRCT2,https://api.github.com/repos/OpenRCT2/OpenRCT2/issues/7365,2018-03-31 03:47:16+00:00,9,4,229,6,3,457,9,4,91,4,2,66,1,1,4,1,1,4,0,0,0,"['2025-02-25T17:39:06Z', '2025-02-03T20:08:44Z', '2025-02-01T20:58:46Z', '2025-01-08T19:53:12Z', '2024-12-08T17:12:08Z', '2024-11-03T18:38:29Z', '2024-11-03T18:03:28Z', '2024-09-01T21:09:45Z', '2024-08-04T19:23:07Z', '2024-07-07T16:16:41Z', '2024-05-05T18:58:04Z', '2024-04-02T21:20:15Z', '2024-03-02T21:31:55Z', '2024-02-04T15:24:18Z', '2023-12-31T16:00:46Z', '2023-09-03T16:28:20Z', '2023-05-08T12:43:18Z', '2023-03-28T17:25:19Z', '2022-12-14T12:57:45Z', '2022-10-05T10:47:21Z', '2022-07-04T17:51:54Z', '2022-04-25T18:18:55Z', '2021-11-21T21:36:40Z', '2021-11-06T11:44:32Z', '2021-07-25T20:15:58Z', '2021-07-19T11:20:55Z', '2021-03-13T11:45:36Z', '2020-11-01T19:08:38Z', '2020-09-27T21:39:03Z', '2020-08-15T19:28:18Z']"
https://api.github.com/repos/libretro/RetroArch,https://api.github.com/repos/libretro/RetroArch/issues/8551,2019-04-06 17:14:16+00:00,0,0,0,0,0,0,0,0,0,0,0,0,2,1,105,28,4,807,0,0,0,"['2025-01-05T06:59:52Z', '2024-06-04T18:35:03Z', '2024-05-30T03:04:46Z', '2024-03-21T15:10:35Z', '2024-02-03T19:48:54Z', '2023-09-28T23:38:40Z', '2023-09-28T05:11:42Z', '2023-09-27T02:06:55Z', '2023-09-21T18:58:35Z', '2023-03-16T06:15:37Z', '2022-12-12T22:25:22Z', '2022-11-19T02:11:12Z', '2022-10-17T13:15:48Z', '2022-10-04T05:51:03Z', '2022-09-30T13:08:57Z', '2022-04-15T17:23:24Z', '2022-03-29T01:30:34Z', '2022-03-04T13:39:51Z', '2022-01-20T17:38:41Z', '2021-12-05T23:06:30Z', '2021-11-12T20:17:59Z', '2021-11-11T01:43:08Z', '2021-11-07T02:31:09Z', '2021-10-24T01:57:44Z', '2021-10-09T14:34:41Z', '2021-09-19T03:22:03Z', '2021-09-05T02:00:50Z', '2021-08-22T19:01:25Z', '2021-07-25T06:00:06Z', '2021-07-04T00:40:35Z']"
https://api.github.com/repos/MicrosoftDocs/SCCMdocs,https://api.github.com/repos/MicrosoftDocs/SCCMdocs/issues/1249,2019-02-14 20:23:34+00:00,0,0,0,8,4,62,2,1,18,7,5,36,12,7,326,1,1,16,0,0,0,[]
https://api.github.com/repos/SFML/SFML,https://api.github.com/repos/SFML/SFML/issues/1556,2019-02-11 23:28:12+00:00,0,0,0,0,0,0,0,0,0,0,0,0,0,0,0,0,0,0,0,0,0,"['2024-12-21T18:14:34Z', '2024-12-06T22:45:25Z', '2024-11-10T23:13:11Z', '2024-09-13T19:50:51Z', '2023-11-04T13:18:49Z', '2023-06-20T23:19:10Z', '2018-10-15T20:21:21Z', '2018-05-07T22:14:24Z']"
https://api.github.com/repos/TrinityCore/TrinityCore,https://api.github.com/repos/TrinityCore/TrinityCore/issues/1225,2011-05-16 22:45:45+00:00,0,0,0,0,0,0,0,0,0,9,4,167,5,2,227,15,2,5120,0,0,0,"['2025-02-13T16:48:16Z', '2024-12-22T03:01:19Z', '2024-11-22T23:19:53Z', '2024-11-16T22:02:41Z', '2024-10-27T19:25:29Z', '2024-09-23T22:53:08Z', '2024-09-03T00:52:15Z', '2024-08-17T22:03:17Z', '2024-08-17T22:27:49Z', '2024-06-02T23:08:03Z', '2024-05-11T03:11:19Z', '2024-04-10T16:08:39Z', '2024-02-08T01:01:03Z', '2024-01-21T11:39:56Z', '2023-12-20T23:32:59Z', '2023-11-15T01:03:45Z', '2023-10-06T00:49:08Z', '2023-07-14T08:35:09Z', '2023-06-14T19:37:21Z', '2023-04-02T01:10:02Z', '2023-02-03T01:20:49Z', '2023-01-16T11:11:03Z', '2022-12-20T03:19:33Z', '2022-11-20T11:12:21Z', '2022-10-17T09:05:14Z', '2022-08-21T00:10:01Z', '2022-08-19T23:51:45Z', '2022-08-15T11:23:50Z', '2022-07-25T18:51:40Z', '2022-06-01T10:53:54Z']"
https://api.github.com/repos/TrinityCore/TrinityCore,https://api.github.com/repos/TrinityCore/TrinityCore/issues/16280,2016-01-16 04:21:38+00:00,0,0,0,0,0,0,0,0,0,2,2,183,2,2,15,1,1,86,0,0,0,"['2025-02-13T16:48:16Z', '2024-12-22T03:01:19Z', '2024-11-22T23:19:53Z', '2024-11-16T22:02:41Z', '2024-10-27T19:25:29Z', '2024-09-23T22:53:08Z', '2024-09-03T00:52:15Z', '2024-08-17T22:03:17Z', '2024-08-17T22:27:49Z', '2024-06-02T23:08:03Z', '2024-05-11T03:11:19Z', '2024-04-10T16:08:39Z', '2024-02-08T01:01:03Z', '2024-01-21T11:39:56Z', '2023-12-20T23:32:59Z', '2023-11-15T01:03:45Z', '2023-10-06T00:49:08Z', '2023-07-14T08:35:09Z', '2023-06-14T19:37:21Z', '2023-04-02T01:10:02Z', '2023-02-03T01:20:49Z', '2023-01-16T11:11:03Z', '2022-12-20T03:19:33Z', '2022-11-20T11:12:21Z', '2022-10-17T09:05:14Z', '2022-08-21T00:10:01Z', '2022-08-19T23:51:45Z', '2022-08-15T11:23:50Z', '2022-07-25T18:51:40Z', '2022-06-01T10:53:54Z']"
https://api.github.com/repos/TrinityCore/TrinityCore,https://api.github.com/repos/TrinityCore/TrinityCore/issues/17506,2016-07-03 18:35:13+00:00,3,2,269,1,1,104,5,3,154,2,2,47,2,1,117,7,4,5920,0,0,0,"['2025-02-13T16:48:16Z', '2024-12-22T03:01:19Z', '2024-11-22T23:19:53Z', '2024-11-16T22:02:41Z', '2024-10-27T19:25:29Z', '2024-09-23T22:53:08Z', '2024-09-03T00:52:15Z', '2024-08-17T22:03:17Z', '2024-08-17T22:27:49Z', '2024-06-02T23:08:03Z', '2024-05-11T03:11:19Z', '2024-04-10T16:08:39Z', '2024-02-08T01:01:03Z', '2024-01-21T11:39:56Z', '2023-12-20T23:32:59Z', '2023-11-15T01:03:45Z', '2023-10-06T00:49:08Z', '2023-07-14T08:35:09Z', '2023-06-14T19:37:21Z', '2023-04-02T01:10:02Z', '2023-02-03T01:20:49Z', '2023-01-16T11:11:03Z', '2022-12-20T03:19:33Z', '2022-11-20T11:12:21Z', '2022-10-17T09:05:14Z', '2022-08-21T00:10:01Z', '2022-08-19T23:51:45Z', '2022-08-15T11:23:50Z', '2022-07-25T18:51:40Z', '2022-06-01T10:53:54Z']"
https://api.github.com/repos/TrinityCore/TrinityCore,https://api.github.com/repos/TrinityCore/TrinityCore/issues/19440,2017-04-11 02:03:54+00:00,0,0,0,0,0,0,1,1,276,1,1,2400,0,0,0,1,1,100,0,0,0,"['2025-02-13T16:48:16Z', '2024-12-22T03:01:19Z', '2024-11-22T23:19:53Z', '2024-11-16T22:02:41Z', '2024-10-27T19:25:29Z', '2024-09-23T22:53:08Z', '2024-09-03T00:52:15Z', '2024-08-17T22:03:17Z', '2024-08-17T22:27:49Z', '2024-06-02T23:08:03Z', '2024-05-11T03:11:19Z', '2024-04-10T16:08:39Z', '2024-02-08T01:01:03Z', '2024-01-21T11:39:56Z', '2023-12-20T23:32:59Z', '2023-11-15T01:03:45Z', '2023-10-06T00:49:08Z', '2023-07-14T08:35:09Z', '2023-06-14T19:37:21Z', '2023-04-02T01:10:02Z', '2023-02-03T01:20:49Z', '2023-01-16T11:11:03Z', '2022-12-20T03:19:33Z', '2022-11-20T11:12:21Z', '2022-10-17T09:05:14Z', '2022-08-21T00:10:01Z', '2022-08-19T23:51:45Z', '2022-08-15T11:23:50Z', '2022-07-25T18:51:40Z', '2022-06-01T10:53:54Z']"
https://api.github.com/repos/TrinityCore/TrinityCore,https://api.github.com/repos/TrinityCore/TrinityCore/issues/4603,2012-01-03 15:10:51+00:00,0,0,0,0,0,0,0,0,0,0,0,0,5,1,438,25,5,338,0,0,0,"['2025-02-13T16:48:16Z', '2024-12-22T03:01:19Z', '2024-11-22T23:19:53Z', '2024-11-16T22:02:41Z', '2024-10-27T19:25:29Z', '2024-09-23T22:53:08Z', '2024-09-03T00:52:15Z', '2024-08-17T22:03:17Z', '2024-08-17T22:27:49Z', '2024-06-02T23:08:03Z', '2024-05-11T03:11:19Z', '2024-04-10T16:08:39Z', '2024-02-08T01:01:03Z', '2024-01-21T11:39:56Z', '2023-12-20T23:32:59Z', '2023-11-15T01:03:45Z', '2023-10-06T00:49:08Z', '2023-07-14T08:35:09Z', '2023-06-14T19:37:21Z', '2023-04-02T01:10:02Z', '2023-02-03T01:20:49Z', '2023-01-16T11:11:03Z', '2022-12-20T03:19:33Z', '2022-11-20T11:12:21Z', '2022-10-17T09:05:14Z', '2022-08-21T00:10:01Z', '2022-08-19T23:51:45Z', '2022-08-15T11:23:50Z', '2022-07-25T18:51:40Z', '2022-06-01T10:53:54Z']"
https://api.github.com/repos/TrinityCore/TrinityCore,https://api.github.com/repos/TrinityCore/TrinityCore/issues/6137,2012-04-09 18:24:45+00:00,0,0,0,0,0,0,0,0,0,0,0,0,2,1,15,23,9,406,0,0,0,"['2025-02-13T16:48:16Z', '2024-12-22T03:01:19Z', '2024-11-22T23:19:53Z', '2024-11-16T22:02:41Z', '2024-10-27T19:25:29Z', '2024-09-23T22:53:08Z', '2024-09-03T00:52:15Z', '2024-08-17T22:03:17Z', '2024-08-17T22:27:49Z', '2024-06-02T23:08:03Z', '2024-05-11T03:11:19Z', '2024-04-10T16:08:39Z', '2024-02-08T01:01:03Z', '2024-01-21T11:39:56Z', '2023-12-20T23:32:59Z', '2023-11-15T01:03:45Z', '2023-10-06T00:49:08Z', '2023-07-14T08:35:09Z', '2023-06-14T19:37:21Z', '2023-04-02T01:10:02Z', '2023-02-03T01:20:49Z', '2023-01-16T11:11:03Z', '2022-12-20T03:19:33Z', '2022-11-20T11:12:21Z', '2022-10-17T09:05:14Z', '2022-08-21T00:10:01Z', '2022-08-19T23:51:45Z', '2022-08-15T11:23:50Z', '2022-07-25T18:51:40Z', '2022-06-01T10:53:54Z']"
https://api.github.com/repos/TrinityCore/TrinityCore,https://api.github.com/repos/TrinityCore/TrinityCore/issues/8105,2012-10-16 21:34:43+00:00,0,0,0,0,0,0,3,1,95,13,3,357,12,5,2585,2,2,1156,0,0,0,"['2025-02-13T16:48:16Z', '2024-12-22T03:01:19Z', '2024-11-22T23:19:53Z', '2024-11-16T22:02:41Z', '2024-10-27T19:25:29Z', '2024-09-23T22:53:08Z', '2024-09-03T00:52:15Z', '2024-08-17T22:03:17Z', '2024-08-17T22:27:49Z', '2024-06-02T23:08:03Z', '2024-05-11T03:11:19Z', '2024-04-10T16:08:39Z', '2024-02-08T01:01:03Z', '2024-01-21T11:39:56Z', '2023-12-20T23:32:59Z', '2023-11-15T01:03:45Z', '2023-10-06T00:49:08Z', '2023-07-14T08:35:09Z', '2023-06-14T19:37:21Z', '2023-04-02T01:10:02Z', '2023-02-03T01:20:49Z', '2023-01-16T11:11:03Z', '2022-12-20T03:19:33Z', '2022-11-20T11:12:21Z', '2022-10-17T09:05:14Z', '2022-08-21T00:10:01Z', '2022-08-19T23:51:45Z', '2022-08-15T11:23:50Z', '2022-07-25T18:51:40Z', '2022-06-01T10:53:54Z']"
https://api.github.com/repos/angular/angular.js,https://api.github.com/repos/angular/angular.js/issues/1438,2012-10-03 21:03:52+00:00,0,0,0,0,0,0,0,0,0,0,0,0,0,0,0,2,2,31,0,0,0,[]
https://api.github.com/repos/ansible/ansible,https://api.github.com/repos/ansible/ansible/issues/9065,2014-09-18 22:23:48+00:00,0,0,0,2,1,266,9,3,279,12,5,128,6,3,39,1,1,2,0,0,0,"['2025-02-24T19:38:11Z', '2025-02-24T19:42:40Z', '2025-02-17T16:41:50Z', '2025-02-17T16:40:42Z', '2025-01-27T20:02:01Z', '2025-01-27T19:59:50Z', '2025-01-20T21:22:02Z', '2025-01-20T21:19:59Z', '2024-12-02T17:52:07Z', '2024-12-02T17:50:22Z', '2024-12-02T17:48:10Z', '2024-11-25T19:02:57Z', '2024-11-25T18:59:41Z', '2024-11-25T18:58:18Z', '2024-11-04T18:44:42Z', '2024-11-04T18:41:54Z', '2024-11-04T18:39:41Z', '2024-11-04T18:38:21Z', '2024-11-04T18:37:13Z', '2024-10-29T18:59:05Z', '2024-10-29T19:03:16Z', '2024-10-29T19:07:38Z', '2024-10-29T19:13:32Z', '2024-10-29T19:17:13Z', '2024-10-14T20:34:56Z', '2024-10-07T19:39:17Z', '2024-10-07T19:38:07Z', '2024-09-30T20:59:04Z', '2024-09-30T20:57:35Z', '2024-09-24T20:52:28Z']"
https://api.github.com/repos/palantir/blueprint,https://api.github.com/repos/palantir/blueprint/issues/2875,2018-08-28 19:10:34+00:00,0,0,0,0,0,0,0,0,0,0,0,0,1,0,3,9,2,214,0,0,0,"['2023-05-04T19:02:55Z', '2018-06-11T20:54:52Z', '2018-06-11T20:54:09Z', '2018-05-29T23:22:38Z', '2018-05-19T00:36:00Z', '2018-05-19T00:35:49Z', '2018-05-18T22:29:42Z', '2018-04-20T21:43:48Z', '2018-04-19T23:17:38Z', '2018-04-19T23:18:12Z', '2018-04-19T23:18:58Z', '2018-04-05T22:39:57Z', '2018-04-05T22:39:13Z', '2018-04-05T22:35:25Z', '2018-04-05T22:38:25Z', '2018-04-04T19:24:06Z', '2018-03-26T21:59:19Z', '2018-03-22T23:29:58Z', '2018-03-22T23:29:54Z', '2018-03-22T23:29:48Z', '2018-03-22T23:31:19Z', '2018-03-22T23:29:24Z', '2018-03-22T23:30:05Z', '2018-03-22T23:30:10Z', '2018-03-22T01:00:06Z', '2018-03-22T01:00:21Z', '2018-03-22T01:00:43Z', '2018-03-22T01:01:11Z', '2018-03-22T01:01:37Z', '2018-03-22T01:02:01Z']"
https://api.github.com/repos/twbs/bootstrap,https://api.github.com/repos/twbs/bootstrap/issues/11243,2013-10-26 11:47:23+00:00,0,0,0,3,1,32,9,1,91,11,2,112,2,1,8,5,3,13,0,0,0,"['2024-02-20T15:19:46Z', '2023-09-14T14:26:29Z', '2023-07-26T08:01:13Z', '2023-05-30T15:23:41Z', '2023-04-03T07:31:30Z', '2023-03-24T14:35:39Z', '2022-12-24T16:39:27Z', '2022-11-22T07:47:20Z', '2022-10-03T07:50:53Z', '2022-09-07T15:35:27Z', '2022-07-19T15:47:21Z', '2022-07-19T15:58:28Z', '2022-05-13T16:44:56Z', '2021-10-28T15:31:01Z', '2021-10-09T15:26:57Z', '2021-10-05T15:55:40Z', '2021-09-07T15:41:58Z', '2021-08-04T15:46:34Z', '2021-06-22T18:36:18Z', '2021-05-13T16:27:03Z', '2021-05-05T19:41:11Z', '2021-03-23T16:31:27Z', '2021-02-10T16:19:33Z', '2021-01-19T16:19:39Z', '2020-12-07T16:24:37Z', '2020-11-11T17:13:10Z', '2020-10-13T15:55:58Z', '2020-09-29T15:38:32Z', '2020-08-06T16:26:25Z', '2020-08-04T16:30:23Z']"
https://api.github.com/repos/twbs/bootstrap,https://api.github.com/repos/twbs/bootstrap/issues/7745,2013-04-30 22:23:42+00:00,0,0,0,7,2,124,10,2,695,2,1,464,8,2,37,2,0,4,0,0,0,"['2024-02-20T15:19:46Z', '2023-09-14T14:26:29Z', '2023-07-26T08:01:13Z', '2023-05-30T15:23:41Z', '2023-04-03T07:31:30Z', '2023-03-24T14:35:39Z', '2022-12-24T16:39:27Z', '2022-11-22T07:47:20Z', '2022-10-03T07:50:53Z', '2022-09-07T15:35:27Z', '2022-07-19T15:47:21Z', '2022-07-19T15:58:28Z', '2022-05-13T16:44:56Z', '2021-10-28T15:31:01Z', '2021-10-09T15:26:57Z', '2021-10-05T15:55:40Z', '2021-09-07T15:41:58Z', '2021-08-04T15:46:34Z', '2021-06-22T18:36:18Z', '2021-05-13T16:27:03Z', '2021-05-05T19:41:11Z', '2021-03-23T16:31:27Z', '2021-02-10T16:19:33Z', '2021-01-19T16:19:39Z', '2020-12-07T16:24:37Z', '2020-11-11T17:13:10Z', '2020-10-13T15:55:58Z', '2020-09-29T15:38:32Z', '2020-08-06T16:26:25Z', '2020-08-04T16:30:23Z']"
https://api.github.com/repos/Homebrew/brew,https://api.github.com/repos/Homebrew/brew/issues/3859,2018-03-02 12:25:58+00:00,0,0,0,6,5,507,5,2,1049,9,5,63,6,2,317,2,2,4,0,0,0,"['2025-03-03T08:28:33Z', '2025-02-24T13:11:10Z', '2025-02-17T09:41:35Z', '2025-02-03T16:30:13Z', '2025-01-27T16:15:48Z', '2025-01-27T14:57:42Z', '2025-01-20T08:58:08Z', '2025-01-13T13:30:23Z', '2025-01-06T08:09:00Z', '2024-12-30T14:12:18Z', '2024-12-23T16:52:32Z', '2024-12-16T12:12:00Z', '2024-12-09T13:04:04Z', '2024-12-05T20:43:54Z', '2024-12-02T20:47:03Z', '2024-11-25T20:20:58Z', '2024-11-25T13:19:51Z', '2024-11-18T08:41:12Z', '2024-11-11T14:05:59Z', '2024-11-04T14:19:39Z', '2024-10-28T15:59:42Z', '2024-10-21T07:04:26Z', '2024-10-14T07:18:55Z', '2024-10-01T12:20:56Z', '2024-09-23T08:00:58Z', '2024-09-17T04:07:22Z', '2024-09-16T18:15:08Z', '2024-09-12T10:14:20Z', '2024-09-09T07:34:33Z', '2024-09-02T14:29:10Z']"
https://api.github.com/repos/Homebrew/brew,https://api.github.com/repos/Homebrew/brew/issues/3933,2018-03-15 21:20:56+00:00,4,2,32,4,2,81,9,5,119,4,1,361,7,1,501,2,2,38,0,0,0,"['2025-03-03T08:28:33Z', '2025-02-24T13:11:10Z', '2025-02-17T09:41:35Z', '2025-02-03T16:30:13Z', '2025-01-27T16:15:48Z', '2025-01-27T14:57:42Z', '2025-01-20T08:58:08Z', '2025-01-13T13:30:23Z', '2025-01-06T08:09:00Z', '2024-12-30T14:12:18Z', '2024-12-23T16:52:32Z', '2024-12-16T12:12:00Z', '2024-12-09T13:04:04Z', '2024-12-05T20:43:54Z', '2024-12-02T20:47:03Z', '2024-11-25T20:20:58Z', '2024-11-25T13:19:51Z', '2024-11-18T08:41:12Z', '2024-11-11T14:05:59Z', '2024-11-04T14:19:39Z', '2024-10-28T15:59:42Z', '2024-10-21T07:04:26Z', '2024-10-14T07:18:55Z', '2024-10-01T12:20:56Z', '2024-09-23T08:00:58Z', '2024-09-17T04:07:22Z', '2024-09-16T18:15:08Z', '2024-09-12T10:14:20Z', '2024-09-09T07:34:33Z', '2024-09-02T14:29:10Z']"
https://api.github.com/repos/Homebrew/brew,https://api.github.com/repos/Homebrew/brew/issues/5687,2019-02-07 09:42:15+00:00,4,3,11,9,5,62,9,4,166,5,3,16,1,1,138,2,1,16,0,0,0,"['2025-03-03T08:28:33Z', '2025-02-24T13:11:10Z', '2025-02-17T09:41:35Z', '2025-02-03T16:30:13Z', '2025-01-27T16:15:48Z', '2025-01-27T14:57:42Z', '2025-01-20T08:58:08Z', '2025-01-13T13:30:23Z', '2025-01-06T08:09:00Z', '2024-12-30T14:12:18Z', '2024-12-23T16:52:32Z', '2024-12-16T12:12:00Z', '2024-12-09T13:04:04Z', '2024-12-05T20:43:54Z', '2024-12-02T20:47:03Z', '2024-11-25T20:20:58Z', '2024-11-25T13:19:51Z', '2024-11-18T08:41:12Z', '2024-11-11T14:05:59Z', '2024-11-04T14:19:39Z', '2024-10-28T15:59:42Z', '2024-10-21T07:04:26Z', '2024-10-14T07:18:55Z', '2024-10-01T12:20:56Z', '2024-09-23T08:00:58Z', '2024-09-17T04:07:22Z', '2024-09-16T18:15:08Z', '2024-09-12T10:14:20Z', '2024-09-09T07:34:33Z', '2024-09-02T14:29:10Z']"
https://api.github.com/repos/carbon-app/carbon,https://api.github.com/repos/dawnlabs/carbon/issues/245,2018-02-18 20:43:33+00:00,4,2,276,2,1,1485,0,0,0,1,1,1,0,0,0,1,1,17,0,0,0,"['2022-06-13T04:03:37Z', '2022-06-12T23:30:16Z', '2022-05-16T00:28:33Z', '2022-05-16T00:15:54Z', '2022-05-14T21:34:07Z', '2022-03-07T02:02:41Z', '2022-02-26T20:33:21Z', '2022-02-08T02:46:58Z', '2022-02-08T01:57:33Z', '2022-02-05T21:34:49Z', '2022-01-25T05:04:48Z', '2021-10-13T03:52:41Z', '2021-10-11T01:50:05Z', '2021-10-09T22:09:06Z', '2021-08-15T01:00:53Z', '2021-05-22T22:15:03Z', '2021-04-23T19:23:21Z', '2021-03-09T03:57:22Z', '2021-03-07T02:47:19Z', '2021-02-17T02:51:16Z', '2021-01-22T18:34:10Z', '2021-01-15T23:55:59Z', '2020-12-02T19:42:55Z', '2020-11-26T00:54:20Z', '2020-11-22T00:52:02Z', '2020-10-31T00:48:20Z', '2020-10-28T02:51:01Z', '2020-10-04T22:54:48Z', '2020-10-03T20:05:02Z', '2020-09-12T02:43:09Z']"
https://api.github.com/repos/nextcloud/contacts,https://api.github.com/repos/nextcloud/contacts/issues/986,2019-03-11 08:46:26+00:00,1,1,132,5,3,788,5,2,208,10,3,266,2,2,46,4,3,46,0,0,0,"['2023-05-17T12:16:04Z', '2022-10-18T18:18:24Z', '2022-10-02T08:34:09Z', '2022-10-02T08:30:21Z', '2021-12-17T15:30:17Z', '2021-12-17T15:27:59Z', '2021-11-04T07:13:16Z', '2021-11-03T13:45:06Z', '2021-09-15T07:17:12Z', '2021-08-25T13:19:50Z', '2021-07-06T15:53:36Z', '2021-07-05T09:14:36Z', '2021-06-21T07:37:32Z', '2021-06-17T13:14:44Z', '2021-06-04T13:52:26Z', '2021-03-17T15:21:47Z', '2021-03-15T06:37:53Z', '2021-01-04T15:27:49Z', '2020-11-18T09:48:56Z', '2020-10-20T19:13:16Z', '2020-09-30T12:09:00Z', '2020-04-16T15:13:08Z', '2020-02-29T14:24:17Z', '2020-02-26T14:40:26Z', '2020-01-22T13:42:09Z', '2019-12-09T15:33:42Z', '2019-10-03T14:20:53Z', '2019-10-03T08:53:44Z', '2019-09-28T12:53:18Z', '2019-06-11T17:08:51Z']"
https://api.github.com/repos/opnsense/core,https://api.github.com/repos/opnsense/core/issues/2036,2017-12-31 05:15:23+00:00,1,0,26,5,2,85,4,1,398,6,1,236,7,2,498,7,3,71,0,0,0,[]
https://api.github.com/repos/opnsense/core,https://api.github.com/repos/opnsense/core/issues/2071,2018-01-10 03:58:13+00:00,0,0,0,4,1,18,5,2,24,7,1,109,4,3,245,10,3,98,0,0,0,[]
https://api.github.com/repos/owncloud/core,https://api.github.com/repos/owncloud/core/issues/24232,2016-04-25 09:34:05+00:00,0,0,0,0,0,0,0,0,0,0,0,0,19,7,3656,9,2,476,0,0,0,[]
https://api.github.com/repos/apple/cups,https://api.github.com/repos/apple/cups/issues/5315,2018-05-16 20:21:33+00:00,0,0,0,3,1,270,0,0,0,0,0,0,0,0,0,1,0,3,0,0,0,"['2020-04-27T23:08:36Z', '2019-12-13T14:51:11Z', '2019-12-13T14:49:55Z', '2019-08-23T18:17:21Z', '2019-08-15T22:52:44Z', '2019-05-21T17:07:50Z', '2019-05-02T17:10:16Z', '2019-03-22T20:07:02Z', '2018-12-14T15:25:40Z', '2018-12-07T19:57:55Z', '2018-12-07T19:55:15Z', '2018-11-08T13:55:30Z', '2018-06-05T16:15:47Z', '2018-06-05T16:11:06Z', '2018-03-27T16:04:50Z', '2018-03-27T16:08:28Z', '2018-02-01T15:26:48Z', '2018-01-17T20:37:15Z', '2017-12-19T21:40:54Z', '2017-11-01T15:07:31Z', '2017-10-13T18:57:54Z', '2017-06-30T15:47:42Z', '2017-03-28T18:30:28Z', '2017-01-17T19:31:01Z', '2016-10-03T20:00:47Z', '2016-09-13T23:50:29Z', '2016-08-08T18:11:31Z', '2016-06-24T15:59:25Z', '2016-08-08T18:11:56Z', '2016-06-14T17:53:04Z']"
https://api.github.com/repos/debug-js/debug,https://api.github.com/repos/visionmedia/debug/issues/547,2018-02-19 20:49:42+00:00,0,0,0,0,0,0,0,0,0,0,0,0,0,0,0,0,0,0,0,0,0,"['2024-12-06T12:37:31Z', '2024-09-06T00:53:57Z', '2024-07-27T09:24:14Z', '2024-05-31T11:43:15Z', '2022-03-17T13:40:20Z', '2021-11-27T13:54:34Z', '2020-12-09T15:39:01Z', '2020-12-09T15:38:02Z', '2020-09-22T12:23:39Z', '2020-09-22T12:21:32Z', '2018-12-22T16:45:03Z', '2018-10-10T06:54:25Z', '2018-10-08T10:12:33Z', '2018-09-12T04:10:46Z', '2018-09-11T11:16:48Z', '2018-09-12T04:10:23Z', '2018-09-11T19:58:03Z', '2018-09-11T19:56:46Z', '2018-09-11T19:54:46Z', '2018-09-11T06:42:49Z', '2018-09-11T06:19:28Z', '2017-09-26T19:15:42Z', '2017-09-22T13:32:55Z', '2017-08-08T22:21:13Z', '2017-05-17T04:33:44Z', '2017-04-27T23:34:27Z', '2017-04-27T16:04:01Z', '2017-04-20T18:08:00Z', '2017-03-14T03:50:28Z', '2017-03-10T19:44:14Z']"
https://api.github.com/repos/MetaMask/eth-phishing-detect,https://api.github.com/repos/MetaMask/eth-phishing-detect/issues/653,2018-01-15 00:04:09+00:00,0,0,0,0,0,0,0,0,0,10,1,10,18,1,44,2,1,2,0,0,0,"['2022-04-19T14:51:22Z', '2022-03-22T16:25:19Z', '2021-06-03T14:23:08Z']"
https://api.github.com/repos/ethereum-mining/ethminer,https://api.github.com/repos/ethereum-mining/ethminer/issues/1405,2018-08-02 17:17:11+00:00,1,1,16,4,2,361,9,3,434,0,0,0,11,3,1003,1,1,43,0,0,0,"['2019-07-23T13:58:27Z', '2019-07-23T13:52:01Z', '2019-02-28T14:17:55Z', '2019-02-28T12:12:34Z', '2019-02-20T10:25:15Z', '2019-01-07T14:53:57Z', '2018-12-13T10:37:13Z', '2018-12-13T10:44:39Z', '2018-12-06T21:29:09Z', '2018-12-06T21:38:06Z', '2018-12-04T19:55:24Z', '2018-11-27T10:35:32Z', '2018-11-26T14:20:06Z', '2018-11-26T14:13:44Z', '2018-10-05T15:16:52Z', '2018-10-05T15:31:34Z', '2018-09-28T14:15:06Z', '2018-10-01T08:44:05Z', '2018-09-17T10:59:21Z', '2018-09-17T10:06:17Z', '2018-09-03T13:05:39Z', '2018-08-23T11:50:19Z', '2018-08-10T07:26:21Z', '2018-08-01T20:14:38Z', '2018-07-23T09:43:08Z', '2018-07-23T09:18:10Z', '2018-06-17T09:41:19Z', '2018-06-06T08:43:11Z', '2018-06-06T09:12:06Z', '2018-06-05T16:18:02Z']"
https://api.github.com/repos/ageitgey/face_recognition,https://api.github.com/repos/ageitgey/face_recognition/issues/311,2018-01-20 11:49:00+00:00,0,0,0,0,0,0,0,0,0,0,0,0,0,0,0,0,0,0,0,0,0,"['2018-04-02T17:18:43Z', '2017-04-13T15:59:54Z']"
https://api.github.com/repos/otland/forgottenserver,https://api.github.com/repos/otland/forgottenserver/issues/2494,2018-08-27 04:48:14+00:00,0,0,0,0,0,0,0,0,0,0,0,0,0,0,0,0,0,0,0,0,0,"['2024-06-05T22:09:08Z', '2022-06-29T07:08:22Z', '2021-12-03T10:09:55Z', '2021-09-17T23:23:48Z', '2016-10-22T01:58:47Z', '2015-05-14T20:57:17Z', '2014-11-01T14:40:22Z']"
https://api.github.com/repos/laravel/framework,https://api.github.com/repos/laravel/framework/issues/26340,2018-11-01 11:39:25+00:00,0,0,0,1,0,43,10,4,279,6,4,219,9,6,222,4,4,240,0,0,0,"['2025-03-05T15:32:37Z', '2025-03-05T15:35:23Z', '2025-03-04T16:12:31Z', '2025-02-24T13:32:35Z', '2025-02-24T13:17:15Z', '2025-02-24T13:10:12Z', '2025-02-19T21:54:56Z', '2025-02-19T16:07:23Z', '2025-02-18T15:39:10Z', '2025-02-12T20:59:29Z', '2025-02-11T17:19:10Z', '2025-01-31T10:05:32Z', '2025-01-30T13:26:32Z', '2025-01-30T10:24:04Z', '2025-01-30T09:52:36Z', '2025-01-28T15:24:09Z', '2025-01-24T16:18:51Z', '2025-01-22T17:03:07Z', '2025-01-21T15:04:00Z', '2025-01-21T16:08:49Z', '2025-01-15T00:08:06Z', '2025-01-14T18:12:26Z', '2025-01-14T14:54:58Z', '2025-01-02T20:11:36Z', '2024-12-17T22:33:19Z', '2024-12-17T18:23:16Z', '2024-12-12T18:27:16Z', '2024-12-10T16:10:51Z', '2024-11-27T15:45:20Z', '2024-11-26T21:33:14Z']"
https://api.github.com/repos/laravel/framework,https://api.github.com/repos/laravel/framework/issues/26828,2018-12-13 09:37:44+00:00,0,0,0,0,0,0,8,5,57,10,5,163,9,4,162,2,1,16,0,0,0,"['2025-03-05T15:32:37Z', '2025-03-05T15:35:23Z', '2025-03-04T16:12:31Z', '2025-02-24T13:32:35Z', '2025-02-24T13:17:15Z', '2025-02-24T13:10:12Z', '2025-02-19T21:54:56Z', '2025-02-19T16:07:23Z', '2025-02-18T15:39:10Z', '2025-02-12T20:59:29Z', '2025-02-11T17:19:10Z', '2025-01-31T10:05:32Z', '2025-01-30T13:26:32Z', '2025-01-30T10:24:04Z', '2025-01-30T09:52:36Z', '2025-01-28T15:24:09Z', '2025-01-24T16:18:51Z', '2025-01-22T17:03:07Z', '2025-01-21T15:04:00Z', '2025-01-21T16:08:49Z', '2025-01-15T00:08:06Z', '2025-01-14T18:12:26Z', '2025-01-14T14:54:58Z', '2025-01-02T20:11:36Z', '2024-12-17T22:33:19Z', '2024-12-17T18:23:16Z', '2024-12-12T18:27:16Z', '2024-12-10T16:10:51Z', '2024-11-27T15:45:20Z', '2024-11-26T21:33:14Z']"
https://api.github.com/repos/laravel/framework,https://api.github.com/repos/laravel/framework/issues/6531,2014-11-30 02:19:39+00:00,0,0,0,4,3,225,4,2,289,10,4,56,3,3,30,9,4,80,0,0,0,"['2025-03-05T15:32:37Z', '2025-03-05T15:35:23Z', '2025-03-04T16:12:31Z', '2025-02-24T13:32:35Z', '2025-02-24T13:17:15Z', '2025-02-24T13:10:12Z', '2025-02-19T21:54:56Z', '2025-02-19T16:07:23Z', '2025-02-18T15:39:10Z', '2025-02-12T20:59:29Z', '2025-02-11T17:19:10Z', '2025-01-31T10:05:32Z', '2025-01-30T13:26:32Z', '2025-01-30T10:24:04Z', '2025-01-30T09:52:36Z', '2025-01-28T15:24:09Z', '2025-01-24T16:18:51Z', '2025-01-22T17:03:07Z', '2025-01-21T15:04:00Z', '2025-01-21T16:08:49Z', '2025-01-15T00:08:06Z', '2025-01-14T18:12:26Z', '2025-01-14T14:54:58Z', '2025-01-02T20:11:36Z', '2024-12-17T22:33:19Z', '2024-12-17T18:23:16Z', '2024-12-12T18:27:16Z', '2024-12-10T16:10:51Z', '2024-11-27T15:45:20Z', '2024-11-26T21:33:14Z']"
https://api.github.com/repos/laravel/framework,https://api.github.com/repos/laravel/framework/issues/8392,2015-04-12 00:56:31+00:00,0,0,0,2,1,42,4,3,1140,11,4,409,6,3,205,6,3,132,0,0,0,"['2025-03-05T15:32:37Z', '2025-03-05T15:35:23Z', '2025-03-04T16:12:31Z', '2025-02-24T13:32:35Z', '2025-02-24T13:17:15Z', '2025-02-24T13:10:12Z', '2025-02-19T21:54:56Z', '2025-02-19T16:07:23Z', '2025-02-18T15:39:10Z', '2025-02-12T20:59:29Z', '2025-02-11T17:19:10Z', '2025-01-31T10:05:32Z', '2025-01-30T13:26:32Z', '2025-01-30T10:24:04Z', '2025-01-30T09:52:36Z', '2025-01-28T15:24:09Z', '2025-01-24T16:18:51Z', '2025-01-22T17:03:07Z', '2025-01-21T15:04:00Z', '2025-01-21T16:08:49Z', '2025-01-15T00:08:06Z', '2025-01-14T18:12:26Z', '2025-01-14T14:54:58Z', '2025-01-02T20:11:36Z', '2024-12-17T22:33:19Z', '2024-12-17T18:23:16Z', '2024-12-12T18:27:16Z', '2024-12-10T16:10:51Z', '2024-11-27T15:45:20Z', '2024-11-26T21:33:14Z']"
https://api.github.com/repos/openstreetmap/iD,https://api.github.com/repos/openstreetmap/iD/issues/4880,2018-03-13 10:03:46+00:00,8,2,352,6,1,9127,0,0,0,1,1,21,3,3,59,12,5,225,0,0,0,"['2025-03-05T11:59:39Z', '2025-02-06T12:48:18Z', '2025-02-05T11:08:34Z', '2024-10-07T09:38:42Z', '2024-10-02T13:07:07Z', '2024-08-21T15:31:55Z', '2024-08-21T09:24:15Z', '2024-08-21T08:25:53Z', '2024-04-24T12:26:42Z', '2024-02-28T14:36:07Z', '2023-11-08T11:35:13Z', '2023-11-08T11:00:10Z', '2023-08-17T21:45:50Z', '2023-08-16T16:21:33Z', '2023-07-13T11:59:26Z', '2023-07-12T20:16:13Z', '2023-07-12T11:20:33Z', '2023-04-26T17:51:49Z', '2023-03-03T22:02:24Z', '2023-03-03T15:29:27Z', '2023-02-09T10:20:51Z', '2023-01-25T11:26:41Z', '2023-01-19T14:57:26Z', '2022-11-12T21:18:35Z', '2022-11-10T12:37:21Z', '2022-11-10T12:08:13Z', '2022-09-27T09:51:33Z', '2022-06-15T22:48:36Z', '2022-06-03T12:18:11Z', '2022-02-03T15:11:59Z']"
https://api.github.com/repos/openstreetmap/iD,https://api.github.com/repos/openstreetmap/iD/issues/5296,2018-09-05 20:14:59+00:00,1,1,11,0,0,0,15,2,505,2,1,185,8,2,1919,1,1,2,0,0,0,"['2025-03-05T11:59:39Z', '2025-02-06T12:48:18Z', '2025-02-05T11:08:34Z', '2024-10-07T09:38:42Z', '2024-10-02T13:07:07Z', '2024-08-21T15:31:55Z', '2024-08-21T09:24:15Z', '2024-08-21T08:25:53Z', '2024-04-24T12:26:42Z', '2024-02-28T14:36:07Z', '2023-11-08T11:35:13Z', '2023-11-08T11:00:10Z', '2023-08-17T21:45:50Z', '2023-08-16T16:21:33Z', '2023-07-13T11:59:26Z', '2023-07-12T20:16:13Z', '2023-07-12T11:20:33Z', '2023-04-26T17:51:49Z', '2023-03-03T22:02:24Z', '2023-03-03T15:29:27Z', '2023-02-09T10:20:51Z', '2023-01-25T11:26:41Z', '2023-01-19T14:57:26Z', '2022-11-12T21:18:35Z', '2022-11-10T12:37:21Z', '2022-11-10T12:08:13Z', '2022-09-27T09:51:33Z', '2022-06-15T22:48:36Z', '2022-06-03T12:18:11Z', '2022-02-03T15:11:59Z']"
https://api.github.com/repos/jekyll/jekyll,https://api.github.com/repos/jekyll/jekyll/issues/6844,2018-03-12 15:34:02+00:00,0,0,0,6,3,146,5,4,89,0,0,0,0,0,0,8,3,104,0,0,0,"['2025-01-29T12:47:41Z', '2025-01-27T15:28:23Z', '2024-09-16T16:24:42Z', '2023-12-28T22:51:37Z', '2023-12-27T19:20:38Z', '2023-01-30T02:39:43Z', '2023-01-20T18:13:22Z', '2022-10-26T17:57:10Z', '2022-10-20T16:05:01Z', '2022-03-28T10:26:54Z', '2022-03-03T11:01:53Z', '2021-09-27T11:26:31Z', '2021-04-08T15:39:17Z', '2020-12-14T12:32:03Z', '2020-08-05T18:48:12Z', '2020-06-24T16:58:00Z', '2020-05-27T13:41:04Z', '2020-05-08T15:24:10Z', '2020-05-08T15:21:16Z', '2019-08-20T14:48:12Z', '2019-08-04T18:21:41Z', '2019-07-02T20:53:41Z', '2019-03-19T07:05:21Z', '2018-11-04T20:24:33Z', '2018-09-18T21:53:37Z', '2018-09-07T17:43:58Z', '2018-06-05T14:27:42Z', '2018-05-19T15:25:23Z', '2018-05-01T20:16:39Z', '2018-04-19T15:07:22Z']"
https://api.github.com/repos/jekyll/jekyll,https://api.github.com/repos/jekyll/jekyll/issues/7432,2018-12-22 15:23:14+00:00,0,0,0,0,0,0,0,0,0,0,0,0,0,0,0,3,3,10,0,0,0,"['2025-01-29T12:47:41Z', '2025-01-27T15:28:23Z', '2024-09-16T16:24:42Z', '2023-12-28T22:51:37Z', '2023-12-27T19:20:38Z', '2023-01-30T02:39:43Z', '2023-01-20T18:13:22Z', '2022-10-26T17:57:10Z', '2022-10-20T16:05:01Z', '2022-03-28T10:26:54Z', '2022-03-03T11:01:53Z', '2021-09-27T11:26:31Z', '2021-04-08T15:39:17Z', '2020-12-14T12:32:03Z', '2020-08-05T18:48:12Z', '2020-06-24T16:58:00Z', '2020-05-27T13:41:04Z', '2020-05-08T15:24:10Z', '2020-05-08T15:21:16Z', '2019-08-20T14:48:12Z', '2019-08-04T18:21:41Z', '2019-07-02T20:53:41Z', '2019-03-19T07:05:21Z', '2018-11-04T20:24:33Z', '2018-09-18T21:53:37Z', '2018-09-07T17:43:58Z', '2018-06-05T14:27:42Z', '2018-05-19T15:25:23Z', '2018-05-01T20:16:39Z', '2018-04-19T15:07:22Z']"
https://api.github.com/repos/kubernetes/kubernetes,https://api.github.com/repos/kubernetes/kubernetes/issues/17088,2015-11-11 04:40:48+00:00,0,0,0,1,1,22,0,0,0,0,0,0,0,0,0,21,9,2926,0,0,0,"['2025-03-04T19:13:03Z', '2025-02-18T18:58:15Z', '2025-02-13T09:39:03Z', '2025-02-13T08:29:33Z', '2025-02-13T08:26:30Z', '2025-02-13T08:29:21Z', '2025-02-05T20:11:43Z', '2025-01-15T20:37:27Z', '2025-01-15T21:11:47Z', '2025-01-15T21:49:02Z', '2025-01-15T21:51:33Z', '2024-12-11T21:13:11Z', '2024-12-10T19:52:59Z', '2024-12-10T19:35:54Z', '2024-12-10T19:34:30Z', '2024-12-05T22:09:30Z', '2024-12-03T21:53:01Z', '2024-11-26T21:57:35Z', '2024-11-20T23:36:18Z', '2024-11-21T01:12:52Z', '2024-11-21T00:46:53Z', '2024-11-06T14:51:34Z', '2024-10-29T20:17:54Z', '2024-10-23T12:18:35Z', '2024-10-23T04:40:16Z', '2024-10-23T04:37:33Z', '2024-10-23T04:35:01Z', '2024-10-18T16:40:15Z', '2024-10-04T21:31:09Z', '2024-09-12T02:55:16Z']"
https://api.github.com/repos/leela-zero/leela-zero,https://api.github.com/repos/gcp/leela-zero/issues/1216,2018-04-17 23:53:57+00:00,0,0,0,0,0,0,0,0,0,0,0,0,0,0,0,4,2,123,0,0,0,"['2019-04-04T07:17:05Z', '2018-10-31T12:21:07Z', '2018-05-09T19:24:06Z', '2018-05-04T21:24:29Z', '2018-03-24T21:55:50Z', '2018-02-19T13:17:20Z', '2018-01-19T20:27:18Z', '2018-01-08T13:43:36Z', '2018-01-07T19:04:54Z', '2017-12-08T13:19:02Z', '2017-12-07T18:53:58Z', '2017-12-07T11:56:55Z', '2017-11-21T07:40:31Z', '2017-11-19T20:11:27Z', '2017-11-15T21:04:24Z', '2017-11-03T08:19:48Z', '2017-10-30T23:47:36Z', '2017-10-25T21:31:35Z']"
https://api.github.com/repos/lerna/lerna,https://api.github.com/repos/lerna/lerna/issues/1628,2018-08-29 17:08:04+00:00,0,0,0,8,1,355,7,3,276,1,1,23,1,1,23,0,0,0,0,0,0,"['2025-03-03T15:20:50Z', '2025-02-19T15:55:16Z', '2024-10-31T10:18:17Z', '2024-08-05T15:39:54Z', '2024-07-21T17:00:05Z', '2024-07-05T13:34:05Z', '2024-06-24T14:41:37Z', '2024-06-09T10:24:49Z', '2024-05-13T08:38:21Z', '2024-02-05T17:08:06Z', '2024-02-05T16:39:50Z', '2024-02-05T16:33:07Z', '2024-01-05T12:07:35Z', '2023-12-15T12:30:58Z', '2023-11-23T15:43:29Z', '2023-10-27T09:25:37Z', '2023-10-18T08:19:26Z', '2023-10-17T17:23:27Z', '2023-10-10T19:39:07Z', '2023-09-13T18:20:37Z', '2023-08-29T09:38:02Z', '2023-08-09T19:20:43Z', '2023-07-15T11:46:03Z', '2023-07-12T11:37:15Z', '2023-07-12T11:31:32Z', '2023-06-28T13:44:37Z', '2023-06-25T09:44:52Z', '2023-06-15T13:00:43Z', '2023-06-13T08:59:56Z', '2023-06-08T13:19:19Z']"
https://api.github.com/repos/lerna/lerna,https://api.github.com/repos/lerna/lerna/issues/1639,2018-08-30 15:02:32+00:00,8,1,355,7,3,276,1,1,23,1,1,23,0,0,0,0,0,0,0,0,0,"['2025-03-03T15:20:50Z', '2025-02-19T15:55:16Z', '2024-10-31T10:18:17Z', '2024-08-05T15:39:54Z', '2024-07-21T17:00:05Z', '2024-07-05T13:34:05Z', '2024-06-24T14:41:37Z', '2024-06-09T10:24:49Z', '2024-05-13T08:38:21Z', '2024-02-05T17:08:06Z', '2024-02-05T16:39:50Z', '2024-02-05T16:33:07Z', '2024-01-05T12:07:35Z', '2023-12-15T12:30:58Z', '2023-11-23T15:43:29Z', '2023-10-27T09:25:37Z', '2023-10-18T08:19:26Z', '2023-10-17T17:23:27Z', '2023-10-10T19:39:07Z', '2023-09-13T18:20:37Z', '2023-08-29T09:38:02Z', '2023-08-09T19:20:43Z', '2023-07-15T11:46:03Z', '2023-07-12T11:37:15Z', '2023-07-12T11:31:32Z', '2023-06-28T13:44:37Z', '2023-06-25T09:44:52Z', '2023-06-15T13:00:43Z', '2023-06-13T08:59:56Z', '2023-06-08T13:19:19Z']"
https://api.github.com/repos/mailcow/mailcow-dockerized,https://api.github.com/repos/mailcow/mailcow-dockerized/issues/2465,2019-03-22 16:56:55+00:00,1,1,27,0,0,0,0,0,0,0,0,0,1,0,94,0,0,0,0,0,0,"['2025-02-27T11:52:36Z', '2025-02-04T13:36:06Z', '2025-01-23T14:45:11Z', '2024-11-15T15:23:56Z', '2024-11-12T15:03:04Z', '2024-11-07T10:53:55Z', '2024-08-20T11:58:44Z', '2024-08-15T12:49:00Z', '2024-08-05T07:05:56Z', '2024-07-12T14:25:43Z', '2024-07-12T08:19:30Z', '2024-06-27T16:08:41Z', '2024-06-27T09:33:25Z', '2024-04-04T07:36:26Z', '2024-02-15T10:34:53Z', '2024-02-08T15:19:56Z', '2024-02-02T16:13:49Z', '2024-02-02T14:54:07Z', '2024-01-22T10:52:21Z', '2024-01-18T10:56:56Z', '2024-01-17T12:53:54Z', '2023-12-29T19:40:50Z', '2023-12-19T10:53:05Z', '2023-12-07T11:55:03Z', '2023-11-21T09:41:50Z', '2023-10-12T13:49:01Z', '2023-10-12T10:57:16Z', '2023-09-29T10:08:33Z', '2023-08-03T09:49:51Z', '2023-07-31T12:59:11Z']"
https://api.github.com/repos/moby/moby,https://api.github.com/repos/moby/moby/issues/3378,2013-12-29 00:26:18+00:00,0,0,0,0,0,0,2,2,18,3,2,7,14,6,703,9,6,45,0,0,0,"['2025-02-26T14:22:34Z', '2025-02-20T01:23:15Z', '2025-02-19T00:22:48Z', '2025-02-17T15:40:46Z', '2025-02-07T00:27:57Z', '2025-02-03T05:43:39Z', '2025-01-22T18:07:19Z', '2025-01-13T18:46:13Z', '2025-01-07T19:47:24Z', '2024-12-23T11:22:33Z', '2024-12-18T11:35:46Z', '2024-12-09T15:54:12Z', '2024-12-05T19:38:17Z', '2024-12-05T19:33:16Z', '2024-12-05T08:38:32Z', '2024-11-29T22:15:45Z', '2024-11-19T16:06:18Z', '2024-11-14T22:09:09Z', '2024-10-07T16:23:54Z', '2024-09-20T18:14:36Z', '2024-09-19T20:00:33Z', '2024-09-18T13:31:19Z', '2024-09-13T16:18:27Z', '2024-09-09T11:18:15Z', '2024-08-27T20:19:04Z', '2024-08-19T18:21:14Z', '2024-08-17T00:09:23Z', '2024-08-13T14:19:32Z', '2024-07-25T19:43:11Z', '2024-07-23T22:17:08Z']"
https://api.github.com/repos/mojolicious/mojo,https://api.github.com/repos/kraih/mojo/issues/1238,2018-07-12 11:19:18+00:00,0,0,0,2,1,51,6,1,101,1,1,11,1,1,4,0,0,0,0,0,0,[]
https://api.github.com/repos/msgpack/msgpack-python,https://api.github.com/repos/msgpack/msgpack-python/issues/338,2018-12-13 23:37:47+00:00,0,0,0,0,0,0,0,0,0,0,0,0,0,0,0,0,0,0,0,0,0,"['2024-09-10T04:20:58Z', '2024-08-19T16:04:29Z', '2024-05-07T15:59:37Z', '2024-03-01T11:37:13Z', '2023-09-28T08:38:17Z', '2023-09-21T07:34:23Z', '2023-09-13T23:28:00Z', '2023-03-09T02:43:32Z', '2023-01-18T10:49:24Z', '2022-06-03T07:29:58Z', '2022-05-25T04:25:09Z', '2021-11-24T10:16:01Z', '2021-11-17T02:20:46Z', '2021-11-17T02:21:15Z', '2019-09-20T08:04:14Z', '2019-01-25T12:53:29Z', '2018-11-30T10:33:55Z', '2018-04-11T07:38:52Z', '2018-02-22T09:10:50Z', '2018-02-05T03:54:07Z', '2018-02-02T11:46:46Z', '2018-01-09T18:18:38Z']"
https://api.github.com/repos/NixOS/nixpkgs,https://api.github.com/repos/NixOS/nixpkgs/issues/27258,2017-07-09 13:53:04+00:00,0,0,0,0,0,0,0,0,0,0,0,0,0,0,0,29,17,587,0,0,0,[]
https://api.github.com/repos/NixOS/nixpkgs,https://api.github.com/repos/NixOS/nixpkgs/issues/31045,2017-10-31 17:04:47+00:00,0,0,0,0,0,0,0,0,0,0,0,0,0,0,0,30,11,824,0,0,0,[]
https://api.github.com/repos/sparklemotion/nokogiri,https://api.github.com/repos/sparklemotion/nokogiri/issues/1736,2018-03-16 06:22:07+00:00,0,0,0,4,2,210,2,1,26,0,0,0,0,0,0,0,0,0,0,0,0,"['2025-02-18T22:21:32Z', '2025-01-19T20:32:08Z', '2024-12-29T22:31:30Z', '2024-12-25T16:23:45Z', '2024-12-16T17:49:24Z', '2024-12-12T21:22:30Z', '2024-12-10T14:41:49Z', '2024-12-08T20:43:25Z', '2024-12-02T20:20:07Z', '2024-12-02T20:32:51Z', '2024-07-27T19:53:45Z', '2024-06-13T13:46:36Z', '2024-05-13T14:02:57Z', '2024-04-10T18:18:05Z', '2024-03-16T13:18:01Z', '2024-03-15T21:22:43Z', '2024-02-04T16:53:29Z', '2024-02-03T16:27:49Z', '2023-12-28T00:09:58Z', '2023-12-13T22:04:55Z', '2023-11-17T16:14:27Z', '2023-08-11T19:26:29Z', '2023-07-05T14:34:26Z', '2023-05-24T13:31:25Z', '2023-05-24T13:04:33Z', '2023-05-19T14:06:32Z', '2023-05-15T19:58:35Z', '2023-05-11T18:13:51Z', '2023-04-11T17:01:02Z', '2023-02-13T17:42:46Z']"
https://api.github.com/repos/OpenShot/openshot-qt,https://api.github.com/repos/OpenShot/openshot-qt/issues/2189,2018-10-05 23:55:25+00:00,1,1,20,0,0,0,4,2,460987,0,0,0,0,0,0,4,2,126,0,0,0,"['2024-12-22T19:13:53Z', '2024-07-11T18:40:00Z', '2024-06-24T22:21:19Z', '2023-04-20T22:04:01Z', '2023-04-06T22:27:58Z', '2022-12-08T21:52:18Z', '2021-09-06T18:57:08Z', '2021-08-25T15:29:50Z', '2020-03-03T08:10:10Z', '2020-02-08T21:30:20Z', '2019-03-20T22:07:14Z', '2018-09-22T22:09:20Z', '2018-06-30T06:41:03Z', '2017-11-12T10:26:14Z', '2017-09-07T04:24:23Z', '2017-06-01T04:57:36Z', '2017-05-18T22:46:00Z', '2017-05-10T06:20:14Z', '2017-04-01T01:40:08Z', '2017-03-31T04:40:08Z', '2016-12-21T06:27:26Z', '2016-10-03T21:28:52Z', '2016-10-03T22:52:32Z', '2016-10-03T22:52:49Z', '2016-10-03T23:20:42Z']"
https://api.github.com/repos/pandas-dev/pandas,https://api.github.com/repos/pandas-dev/pandas/issues/7750,2014-07-14 18:00:37+00:00,4,3,58,2,2,4,5,3,468,4,3,4107,3,3,97,4,3,158,0,0,0,"['2024-09-20T13:10:41Z', '2024-04-10T19:47:02Z', '2024-02-23T15:29:27Z', '2024-01-20T03:33:20Z', '2023-12-22T19:57:46Z', '2023-12-08T15:39:17Z', '2023-11-10T19:07:37Z', '2023-10-26T21:16:59Z', '2023-09-20T21:02:05Z', '2023-08-30T13:24:32Z', '2023-08-11T18:43:29Z', '2023-06-28T23:24:00Z', '2023-05-28T21:06:46Z', '2023-04-24T00:20:53Z', '2023-04-03T13:01:27Z', '2023-03-16T15:04:43Z', '2023-02-20T20:32:32Z', '2023-01-19T03:34:05Z', '2022-11-22T07:07:41Z', '2022-10-19T06:04:06Z', '2022-09-19T14:35:58Z', '2022-08-31T12:20:17Z', '2022-08-24T12:21:12Z', '2022-06-23T13:29:00Z', '2022-04-02T10:30:42Z', '2022-02-12T11:19:26Z', '2022-01-22T14:46:18Z', '2022-01-06T11:02:19Z', '2021-12-12T14:25:33Z', '2021-10-17T16:40:24Z']"
https://api.github.com/repos/PapirusDevelopmentTeam/papirus-icon-theme,https://api.github.com/repos/PapirusDevelopmentTeam/papirus-icon-theme/issues/1453,2018-08-31 08:44:49+00:00,3,1,215,0,0,0,2,1,192,9,3,406,3,1,173,2,1,124,0,0,0,"['2025-02-01T10:48:24Z', '2024-05-01T19:08:48Z', '2024-02-01T16:16:49Z', '2023-12-01T15:05:50Z', '2023-11-01T15:40:24Z', '2023-09-01T14:03:50Z', '2023-08-01T17:42:01Z', '2023-06-01T09:26:00Z', '2023-03-01T15:47:31Z', '2023-01-04T17:46:38Z', '2022-12-01T15:36:44Z', '2022-11-01T15:10:29Z', '2022-09-10T05:58:36Z', '2022-08-08T05:17:05Z', '2022-07-10T05:58:10Z', '2022-06-06T05:56:52Z', '2022-05-08T04:44:48Z', '2022-03-02T16:25:04Z', '2022-02-04T09:30:50Z', '2022-01-01T11:22:02Z', '2021-12-01T20:17:16Z', '2021-11-01T18:25:42Z', '2021-10-01T16:21:30Z', '2021-09-02T03:11:08Z', '2021-08-02T07:10:38Z', '2021-07-01T19:01:27Z', '2021-06-01T16:32:28Z', '2021-05-01T17:29:36Z', '2021-04-01T17:42:56Z', '2021-03-02T19:04:33Z']"
https://api.github.com/repos/phpstan/phpstan,https://api.github.com/repos/phpstan/phpstan/issues/1856,2019-01-29 11:57:17+00:00,0,0,0,0,0,0,0,0,0,0,0,0,0,0,0,1,1,136,0,0,0,"['2025-03-05T13:47:29Z', '2025-03-05T13:41:27Z', '2025-02-19T15:48:35Z', '2025-02-19T15:43:48Z', '2025-02-13T12:52:40Z', '2025-02-13T12:46:28Z', '2025-02-10T08:28:30Z', '2025-02-07T15:06:07Z', '2025-02-07T15:02:40Z', '2025-01-21T14:55:04Z', '2025-01-21T14:51:18Z', '2025-01-05T16:46:48Z', '2025-01-05T16:41:21Z', '2024-12-31T07:34:14Z', '2024-12-31T07:27:48Z', '2024-12-17T17:15:27Z', '2024-12-17T17:06:52Z', '2024-11-28T22:21:03Z', '2024-11-28T22:17:55Z', '2024-11-17T14:18:02Z', '2024-11-17T14:11:38Z', '2024-11-11T15:44:30Z', '2024-11-11T07:23:46Z', '2024-11-11T15:38:05Z', '2024-11-10T17:15:08Z', '2024-11-06T19:12:19Z', '2024-10-18T11:13:30Z', '2024-10-06T15:06:59Z', '2024-09-26T12:48:18Z', '2024-09-19T07:58:53Z']"
https://api.github.com/repos/rails/rails,https://api.github.com/repos/rails/rails/issues/13142,2013-12-03 12:32:24+00:00,0,0,0,1,0,100,0,0,0,0,0,0,0,0,0,28,10,559,0,0,0,"['2024-12-13T20:01:53Z', '2024-12-10T21:45:36Z', '2024-12-10T21:41:16Z', '2024-12-10T21:26:33Z', '2024-12-10T21:21:23Z', '2024-11-07T22:29:02Z', '2024-10-31T01:44:10Z', '2024-10-31T01:29:29Z', '2024-10-30T00:31:09Z', '2024-10-23T22:33:56Z', '2024-10-23T22:28:10Z', '2024-10-23T22:21:39Z', '2024-10-23T21:57:06Z', '2024-10-19T01:38:20Z', '2024-10-15T20:45:37Z', '2024-10-15T20:39:03Z', '2024-10-15T20:23:05Z', '2024-10-15T21:24:11Z', '2024-09-26T15:04:39Z', '2024-08-22T19:49:00Z', '2024-08-22T21:29:51Z', '2024-08-10T00:04:51Z', '2024-08-06T19:33:29Z', '2024-07-11T16:05:58Z', '2024-06-04T18:18:39Z', '2024-06-04T18:07:09Z', '2024-06-04T18:06:59Z', '2024-06-04T18:06:31Z', '2024-05-31T18:45:55Z', '2024-05-16T19:31:49Z']"
https://api.github.com/repos/rails/rails,https://api.github.com/repos/rails/rails/issues/31437,2017-12-13 23:14:17+00:00,0,0,0,0,0,0,0,0,0,0,0,0,3,2,62,26,11,2482,0,0,0,"['2024-12-13T20:01:53Z', '2024-12-10T21:45:36Z', '2024-12-10T21:41:16Z', '2024-12-10T21:26:33Z', '2024-12-10T21:21:23Z', '2024-11-07T22:29:02Z', '2024-10-31T01:44:10Z', '2024-10-31T01:29:29Z', '2024-10-30T00:31:09Z', '2024-10-23T22:33:56Z', '2024-10-23T22:28:10Z', '2024-10-23T22:21:39Z', '2024-10-23T21:57:06Z', '2024-10-19T01:38:20Z', '2024-10-15T20:45:37Z', '2024-10-15T20:39:03Z', '2024-10-15T20:23:05Z', '2024-10-15T21:24:11Z', '2024-09-26T15:04:39Z', '2024-08-22T19:49:00Z', '2024-08-22T21:29:51Z', '2024-08-10T00:04:51Z', '2024-08-06T19:33:29Z', '2024-07-11T16:05:58Z', '2024-06-04T18:18:39Z', '2024-06-04T18:07:09Z', '2024-06-04T18:06:59Z', '2024-06-04T18:06:31Z', '2024-05-31T18:45:55Z', '2024-05-16T19:31:49Z']"
https://api.github.com/repos/rails/rails,https://api.github.com/repos/rails/rails/issues/33009,2018-05-28 18:10:17+00:00,0,0,0,0,0,0,0,0,0,13,4,196,11,3,225,6,5,406,0,0,0,"['2024-12-13T20:01:53Z', '2024-12-10T21:45:36Z', '2024-12-10T21:41:16Z', '2024-12-10T21:26:33Z', '2024-12-10T21:21:23Z', '2024-11-07T22:29:02Z', '2024-10-31T01:44:10Z', '2024-10-31T01:29:29Z', '2024-10-30T00:31:09Z', '2024-10-23T22:33:56Z', '2024-10-23T22:28:10Z', '2024-10-23T22:21:39Z', '2024-10-23T21:57:06Z', '2024-10-19T01:38:20Z', '2024-10-15T20:45:37Z', '2024-10-15T20:39:03Z', '2024-10-15T20:23:05Z', '2024-10-15T21:24:11Z', '2024-09-26T15:04:39Z', '2024-08-22T19:49:00Z', '2024-08-22T21:29:51Z', '2024-08-10T00:04:51Z', '2024-08-06T19:33:29Z', '2024-07-11T16:05:58Z', '2024-06-04T18:18:39Z', '2024-06-04T18:07:09Z', '2024-06-04T18:06:59Z', '2024-06-04T18:06:31Z', '2024-05-31T18:45:55Z', '2024-05-16T19:31:49Z']"
https://api.github.com/repos/rails/rails,https://api.github.com/repos/rails/rails/issues/5798,2012-04-10 06:26:37+00:00,0,0,0,0,0,0,0,0,0,0,0,0,3,1,95,20,10,656,0,0,0,"['2024-12-13T20:01:53Z', '2024-12-10T21:45:36Z', '2024-12-10T21:41:16Z', '2024-12-10T21:26:33Z', '2024-12-10T21:21:23Z', '2024-11-07T22:29:02Z', '2024-10-31T01:44:10Z', '2024-10-31T01:29:29Z', '2024-10-30T00:31:09Z', '2024-10-23T22:33:56Z', '2024-10-23T22:28:10Z', '2024-10-23T22:21:39Z', '2024-10-23T21:57:06Z', '2024-10-19T01:38:20Z', '2024-10-15T20:45:37Z', '2024-10-15T20:39:03Z', '2024-10-15T20:23:05Z', '2024-10-15T21:24:11Z', '2024-09-26T15:04:39Z', '2024-08-22T19:49:00Z', '2024-08-22T21:29:51Z', '2024-08-10T00:04:51Z', '2024-08-06T19:33:29Z', '2024-07-11T16:05:58Z', '2024-06-04T18:18:39Z', '2024-06-04T18:07:09Z', '2024-06-04T18:06:59Z', '2024-06-04T18:06:31Z', '2024-05-31T18:45:55Z', '2024-05-16T19:31:49Z']"
https://api.github.com/repos/rails/rails,https://api.github.com/repos/rails/rails/issues/594,2011-05-16 03:03:48+00:00,0,0,0,0,0,0,0,0,0,0,0,0,0,0,0,30,10,1673,0,0,0,"['2024-12-13T20:01:53Z', '2024-12-10T21:45:36Z', '2024-12-10T21:41:16Z', '2024-12-10T21:26:33Z', '2024-12-10T21:21:23Z', '2024-11-07T22:29:02Z', '2024-10-31T01:44:10Z', '2024-10-31T01:29:29Z', '2024-10-30T00:31:09Z', '2024-10-23T22:33:56Z', '2024-10-23T22:28:10Z', '2024-10-23T22:21:39Z', '2024-10-23T21:57:06Z', '2024-10-19T01:38:20Z', '2024-10-15T20:45:37Z', '2024-10-15T20:39:03Z', '2024-10-15T20:23:05Z', '2024-10-15T21:24:11Z', '2024-09-26T15:04:39Z', '2024-08-22T19:49:00Z', '2024-08-22T21:29:51Z', '2024-08-10T00:04:51Z', '2024-08-06T19:33:29Z', '2024-07-11T16:05:58Z', '2024-06-04T18:18:39Z', '2024-06-04T18:07:09Z', '2024-06-04T18:06:59Z', '2024-06-04T18:06:31Z', '2024-05-31T18:45:55Z', '2024-05-16T19:31:49Z']"
https://api.github.com/repos/rails/rails,https://api.github.com/repos/rails/rails/issues/9894,2013-03-24 02:13:02+00:00,0,0,0,1,1,20,0,0,0,0,0,0,15,8,531,12,6,261,0,0,0,"['2024-12-13T20:01:53Z', '2024-12-10T21:45:36Z', '2024-12-10T21:41:16Z', '2024-12-10T21:26:33Z', '2024-12-10T21:21:23Z', '2024-11-07T22:29:02Z', '2024-10-31T01:44:10Z', '2024-10-31T01:29:29Z', '2024-10-30T00:31:09Z', '2024-10-23T22:33:56Z', '2024-10-23T22:28:10Z', '2024-10-23T22:21:39Z', '2024-10-23T21:57:06Z', '2024-10-19T01:38:20Z', '2024-10-15T20:45:37Z', '2024-10-15T20:39:03Z', '2024-10-15T20:23:05Z', '2024-10-15T21:24:11Z', '2024-09-26T15:04:39Z', '2024-08-22T19:49:00Z', '2024-08-22T21:29:51Z', '2024-08-10T00:04:51Z', '2024-08-06T19:33:29Z', '2024-07-11T16:05:58Z', '2024-06-04T18:18:39Z', '2024-06-04T18:07:09Z', '2024-06-04T18:06:59Z', '2024-06-04T18:06:31Z', '2024-05-31T18:45:55Z', '2024-05-16T19:31:49Z']"
https://api.github.com/repos/aksonov/react-native-router-flux,https://api.github.com/repos/aksonov/react-native-router-flux/issues/2835,2018-01-26 16:02:01+00:00,0,0,0,0,0,0,0,0,0,0,0,0,0,0,0,0,0,0,0,0,0,"['2021-03-26T08:21:35Z', '2021-03-10T14:05:02Z', '2020-01-11T13:02:35Z', '2019-09-17T12:26:48Z', '2018-11-10T17:39:45Z', '2018-10-01T07:50:09Z', '2018-09-27T07:46:59Z', '2018-09-24T14:00:19Z', '2018-09-24T08:39:08Z', '2018-08-10T06:01:38Z', '2018-08-08T10:32:57Z', '2018-05-14T08:14:38Z', '2018-01-05T15:09:15Z', '2017-12-29T09:21:10Z', '2017-11-14T12:33:16Z', '2017-11-08T14:37:12Z', '2017-10-10T14:05:37Z', '2017-08-28T14:44:22Z', '2017-08-28T13:34:35Z', '2017-08-23T15:26:17Z', '2017-08-16T09:42:16Z', '2017-08-08T11:20:00Z', '2017-08-03T13:06:09Z', '2017-07-31T13:02:53Z', '2017-07-25T13:46:55Z', '2017-07-19T13:45:53Z', '2017-07-14T15:14:03Z', '2017-07-14T18:41:33Z', '2017-07-13T05:59:41Z', '2017-07-10T13:30:16Z']"
https://api.github.com/repos/styleguidist/react-styleguidist,https://api.github.com/repos/styleguidist/react-styleguidist/issues/1247,2019-01-11 21:10:23+00:00,0,0,0,1,1,157,0,0,0,0,0,0,0,0,0,0,0,0,0,0,0,"['2025-01-07T10:44:42Z', '2024-06-20T13:48:14Z', '2024-01-19T12:00:24Z', '2023-02-13T14:59:58Z', '2023-02-13T14:35:57Z', '2023-02-10T15:07:50Z', '2022-10-14T09:24:32Z', '2022-10-06T07:24:34Z', '2022-09-05T12:29:46Z', '2022-01-27T09:27:37Z', '2022-01-10T08:05:57Z', '2021-07-17T07:12:15Z', '2021-07-16T09:38:53Z', '2021-06-02T07:27:54Z', '2021-05-26T06:23:43Z', '2021-05-20T12:08:52Z', '2021-05-18T07:43:03Z', '2021-05-11T06:11:01Z', '2021-04-14T07:19:39Z', '2021-03-18T19:46:56Z', '2021-03-17T07:57:08Z', '2021-02-26T09:32:55Z', '2021-02-26T07:04:52Z', '2021-02-23T07:59:02Z', '2021-02-23T07:08:15Z', '2021-02-20T07:31:52Z', '2021-02-19T13:58:45Z', '2021-01-28T08:08:22Z', '2021-01-27T07:43:11Z', '2021-01-20T07:00:09Z']"
https://api.github.com/repos/rspamd/rspamd,https://api.github.com/repos/vstakhov/rspamd/issues/1832,2017-09-10 13:02:46+00:00,7,2,66,4,2,40,5,1,220,1,1,177,5,2,240,1,1,25,0,0,0,"['2024-12-16T14:14:15Z', '2024-10-21T07:52:53Z', '2024-10-16T10:34:49Z', '2024-09-30T17:51:03Z', '2024-07-31T09:14:30Z', '2024-07-12T11:19:12Z', '2024-02-26T09:39:39Z', '2024-02-25T08:26:18Z', '2024-02-20T17:23:34Z', '2024-01-26T14:39:56Z', '2024-01-20T12:54:16Z', '2023-12-15T15:37:40Z', '2023-11-14T15:13:44Z', '2023-10-27T07:42:18Z', '2023-10-26T13:33:55Z', '2023-10-07T13:55:57Z', '2023-08-03T13:59:10Z', '2023-03-17T16:51:43Z', '2022-11-01T20:28:54Z', '2022-10-02T22:09:37Z', '2022-04-08T20:47:41Z', '2021-11-03T09:09:34Z', '2021-10-05T11:26:14Z']"
https://api.github.com/repos/rust-lang/rust,https://api.github.com/repos/rust-lang/rust/issues/21568,2015-01-23 21:55:43+00:00,0,0,0,1,1,1942,1,0,256,0,0,0,9,6,24795,19,10,1560,0,0,0,"['2025-02-20T17:09:32Z', '2025-01-31T01:59:23Z', '2025-01-09T15:41:56Z', '2024-11-28T14:02:00Z', '2024-10-17T16:44:34Z', '2024-09-05T16:06:36Z', '2024-09-05T01:30:56Z', '2024-07-25T20:26:54Z', '2024-06-13T14:04:46Z', '2024-05-02T12:39:15Z', '2024-04-09T22:00:34Z', '2024-03-29T18:03:48Z', '2024-03-21T12:57:12Z', '2024-02-08T14:07:09Z', '2023-12-28T16:21:59Z', '2023-12-18T20:43:18Z', '2023-11-16T13:49:39Z', '2023-10-06T01:49:09Z', '2023-09-20T09:55:55Z', '2023-08-24T13:46:54Z', '2023-09-20T18:06:49Z', '2023-07-13T14:04:19Z', '2023-06-01T18:52:53Z', '2023-04-20T14:39:46Z', '2023-03-28T12:56:09Z', '2023-03-27T16:14:40Z', '2023-03-09T14:46:46Z', '2023-02-10T09:25:10Z', '2023-01-26T15:13:55Z', '2023-01-11T01:41:44Z']"
https://api.github.com/repos/sass/sass,https://api.github.com/repos/sass/sass/issues/2507,2018-04-23 10:37:10+00:00,0,0,0,0,0,0,0,0,0,0,0,0,0,0,0,0,0,0,0,0,0,[]
https://api.github.com/repos/mozilla-services/screenshots,https://api.github.com/repos/mozilla-services/screenshots/issues/4211,2018-03-09 23:03:05+00:00,8,3,466,4,3,348,3,3,221,4,4,330,10,1,344,0,0,0,0,0,0,"['2017-01-26T17:48:46Z', '2017-01-10T19:02:27Z', '2017-01-05T17:32:08Z', '2017-01-04T18:33:02Z', '2016-12-16T23:21:40Z', '2016-11-30T19:13:08Z', '2016-11-30T19:07:10Z', '2016-11-29T23:21:23Z', '2016-11-15T11:27:33Z', '2016-11-11T15:51:18Z', '2016-11-09T19:20:05Z', '2016-11-08T16:43:41Z', '2016-11-07T19:47:06Z', '2016-11-04T20:33:35Z', '2016-11-04T19:59:00Z']"
https://api.github.com/repos/getsentry/sentry-elixir,https://api.github.com/repos/getsentry/sentry-elixir/issues/282,2018-06-27 21:00:04+00:00,0,0,0,0,0,0,3,1,40,0,0,0,17,1,456,0,0,0,0,0,0,"['2024-12-11T11:16:39Z', '2024-10-31T09:19:27Z', '2024-09-05T13:39:53Z', '2024-08-22T07:43:29Z', '2024-06-28T07:47:17Z', '2024-06-05T13:32:59Z', '2024-05-15T13:29:07Z', '2024-04-26T07:43:49Z', '2024-04-15T11:28:54Z', '2024-03-25T13:27:20Z', '2024-03-20T11:20:22Z', '2024-03-12T15:31:43Z', '2024-03-12T14:10:11Z', '2024-03-06T18:27:44Z', '2023-12-13T12:36:14Z', '2023-11-30T10:28:51Z', '2023-11-27T11:47:35Z', '2023-11-24T10:14:16Z', '2023-11-23T12:38:36Z', '2023-10-05T08:13:37Z', '2023-09-21T09:37:16Z', '2023-07-27T10:14:20Z', '2021-09-28T22:25:25Z', '2021-02-14T15:37:26Z', '2021-02-14T15:30:33Z', '2020-11-11T15:09:19Z', '2020-09-06T22:08:11Z', '2020-08-11T13:42:40Z', '2020-08-08T18:29:24Z', '2020-08-08T18:29:46Z']"
https://api.github.com/repos/silverstripe/silverstripe-framework,https://api.github.com/repos/silverstripe/silverstripe-framework/issues/7761,2018-01-16 04:06:25+00:00,0,0,0,0,0,0,0,0,0,18,3,0,7,2,137,2,1,62,0,0,0,[]
